,filename,paragraph_id_consecutive,paragraph_id_consecutive_per_file,num_conflict_para,num_Iconflict_para,num_Dconflict_para,num_Cconflict_para,propotion_conflict_para,propotion_Iconflict_para,propotion_Dconflict_para,propotion_Cconflict_para,num_cdus_para,num_edus_para,NM1_para,NM2_para
0,UNSC_2014_SPV.7138_spch002_edu_Russian_Federation.txt,0,0,0,0,0,0,0.0,0.0,0.0,0.0,2,6,0.3333333333333333,0.06451612903225806
6,UNSC_2014_SPV.7138_spch002_edu_Russian_Federation.txt,1,1,4,4,0,0,1.0,1.0,0.0,0.0,1,4,0.25,0.06666666666666667
10,UNSC_2014_SPV.7138_spch002_edu_Russian_Federation.txt,2,2,2,0,2,0,0.3333333333333333,0.0,0.3333333333333333,0.0,5,6,0.8333333333333334,0.25
16,UNSC_2014_SPV.7138_spch002_edu_Russian_Federation.txt,3,3,0,0,0,0,0.0,0.0,0.0,0.0,0,7,0.0,0.0
23,UNSC_2014_SPV.7138_spch002_edu_Russian_Federation.txt,4,4,4,0,4,0,1.0,0.0,1.0,0.0,0,4,0.0,0.0
27,UNSC_2014_SPV.7138_spch002_edu_Russian_Federation.txt,5,5,3,3,0,0,0.42857142857142855,0.42857142857142855,0.0,0.0,0,7,0.0,0.0
34,UNSC_2014_SPV.7138_spch002_edu_Russian_Federation.txt,6,6,1,1,0,0,0.3333333333333333,0.3333333333333333,0.0,0.0,0,3,0.0,0.0
37,UNSC_2014_SPV.7138_spch002_edu_Russian_Federation.txt,7,7,3,0,3,0,0.375,0.0,0.375,0.0,0,8,0.0,0.0
45,UNSC_2014_SPV.7138_spch002_edu_Russian_Federation.txt,8,8,0,0,0,0,0.0,0.0,0.0,0.0,0,2,0.0,0.0
47,UNSC_2014_SPV.7138_spch002_edu_Russian_Federation.txt,9,9,0,0,0,0,0.0,0.0,0.0,0.0,1,2,0.5,0.3333333333333333
49,UNSC_2014_SPV.7138_spch004_edu_United_States_Of_America.txt,10,0,0,0,0,0,0.0,0.0,0.0,0.0,1,7,0.14285714285714285,0.03333333333333333
56,UNSC_2014_SPV.7138_spch004_edu_United_States_Of_America.txt,11,1,3,0,3,0,0.17647058823529413,0.0,0.17647058823529413,0.0,7,17,0.4117647058823529,0.061946902654867256
73,UNSC_2014_SPV.7138_spch004_edu_United_States_Of_America.txt,12,2,5,0,5,0,0.45454545454545453,0.0,0.45454545454545453,0.0,1,11,0.09090909090909091,0.014084507042253521
84,UNSC_2014_SPV.7138_spch004_edu_United_States_Of_America.txt,13,3,0,0,0,0,0.0,0.0,0.0,0.0,0,5,0.0,0.0
89,UNSC_2014_SPV.7138_spch004_edu_United_States_Of_America.txt,14,4,0,0,0,0,0.0,0.0,0.0,0.0,0,3,0.0,0.0
92,UNSC_2014_SPV.7138_spch004_edu_United_States_Of_America.txt,15,5,0,0,0,0,0.0,0.0,0.0,0.0,0,5,0.0,0.0
97,UNSC_2014_SPV.7138_spch004_edu_United_States_Of_America.txt,16,6,11,0,3,8,1.0,0.0,0.2727272727272727,0.7272727272727273,0,11,0.0,0.0
108,UNSC_2014_SPV.7138_spch004_edu_United_States_Of_America.txt,17,7,9,0,6,3,0.6923076923076923,0.0,0.46153846153846156,0.23076923076923078,0,13,0.0,0.0
121,UNSC_2014_SPV.7138_spch004_edu_United_States_Of_America.txt,18,8,8,1,7,0,0.8,0.1,0.7,0.0,5,10,0.5,0.08196721311475409
131,UNSC_2014_SPV.7138_spch004_edu_United_States_Of_America.txt,19,9,2,0,2,0,0.2857142857142857,0.0,0.2857142857142857,0.0,1,7,0.14285714285714285,0.03333333333333333
138,UNSC_2014_SPV.7138_spch004_edu_United_States_Of_America.txt,20,10,5,0,5,0,0.4166666666666667,0.0,0.4166666666666667,0.0,1,12,0.08333333333333333,0.015151515151515152
150,UNSC_2014_SPV.7138_spch004_edu_United_States_Of_America.txt,21,11,5,0,5,0,1.0,0.0,1.0,0.0,0,5,0.0,0.0
155,UNSC_2014_SPV.7138_spch005_edu_France.txt,22,0,2,0,2,0,1.0,0.0,1.0,0.0,1,2,0.5,0.3333333333333333
157,UNSC_2014_SPV.7138_spch005_edu_France.txt,23,1,9,0,9,0,0.9,0.0,0.9,0.0,0,10,0.0,0.0
167,UNSC_2014_SPV.7138_spch005_edu_France.txt,24,2,15,0,15,0,0.6,0.0,0.6,0.0,3,25,0.12,0.011363636363636364
192,UNSC_2014_SPV.7138_spch005_edu_France.txt,25,3,2,0,2,0,0.2857142857142857,0.0,0.2857142857142857,0.0,1,7,0.14285714285714285,0.029411764705882353
199,UNSC_2014_SPV.7138_spch005_edu_France.txt,26,4,2,0,2,0,0.11764705882352941,0.0,0.11764705882352941,0.0,0,17,0.0,0.0
216,UNSC_2014_SPV.7138_spch005_edu_France.txt,27,5,0,0,0,0,0.0,0.0,0.0,0.0,0,12,0.0,0.0
228,UNSC_2014_SPV.7138_spch005_edu_France.txt,28,6,7,0,7,0,0.7,0.0,0.7,0.0,0,10,0.0,0.0
238,UNSC_2014_SPV.7138_spch005_edu_France.txt,29,7,0,0,0,0,0.0,0.0,0.0,0.0,0,12,0.0,0.0
250,UNSC_2014_SPV.7138_spch005_edu_France.txt,30,8,0,0,0,0,0.0,0.0,0.0,0.0,0,10,0.0,0.0
260,UNSC_2014_SPV.7138_spch005_edu_France.txt,31,9,4,0,4,0,0.6666666666666666,0.0,0.6666666666666666,0.0,2,6,0.3333333333333333,0.06060606060606061
266,UNSC_2014_SPV.7138_spch006_edu_United_Kingdom_Of_Great_Britain_And_Northern_Ireland.txt,32,0,1,0,1,0,0.09090909090909091,0.0,0.09090909090909091,0.0,0,11,0.0,0.0
277,UNSC_2014_SPV.7138_spch006_edu_United_Kingdom_Of_Great_Britain_And_Northern_Ireland.txt,33,1,0,0,0,0,0.0,0.0,0.0,0.0,0,5,0.0,0.0
282,UNSC_2014_SPV.7138_spch006_edu_United_Kingdom_Of_Great_Britain_And_Northern_Ireland.txt,34,2,4,0,4,0,0.36363636363636365,0.0,0.36363636363636365,0.0,3,11,0.2727272727272727,0.046153846153846156
293,UNSC_2014_SPV.7138_spch006_edu_United_Kingdom_Of_Great_Britain_And_Northern_Ireland.txt,35,3,0,0,0,0,0.0,0.0,0.0,0.0,0,4,0.0,0.0
297,UNSC_2014_SPV.7138_spch007_edu_Lithuania.txt,36,0,4,4,0,0,1.0,1.0,0.0,0.0,0,4,0.0,0.0
301,UNSC_2014_SPV.7138_spch007_edu_Lithuania.txt,37,1,0,0,0,0,0.0,0.0,0.0,0.0,0,6,0.0,0.0
307,UNSC_2014_SPV.7138_spch007_edu_Lithuania.txt,38,2,15,0,15,0,1.0,0.0,1.0,0.0,0,15,0.0,0.0
322,UNSC_2014_SPV.7138_spch007_edu_Lithuania.txt,39,3,10,10,0,0,0.38461538461538464,0.38461538461538464,0.0,0.0,1,26,0.038461538461538464,0.004545454545454545
348,UNSC_2014_SPV.7138_spch007_edu_Lithuania.txt,40,4,0,0,0,0,0.0,0.0,0.0,0.0,0,8,0.0,0.0
356,UNSC_2014_SPV.7138_spch007_edu_Lithuania.txt,41,5,5,1,4,0,0.5555555555555556,0.1111111111111111,0.4444444444444444,0.0,3,9,0.3333333333333333,0.06
365,UNSC_2014_SPV.7138_spch007_edu_Lithuania.txt,42,6,1,1,0,0,0.14285714285714285,0.14285714285714285,0.0,0.0,1,7,0.14285714285714285,0.037037037037037035
372,UNSC_2014_SPV.7138_spch008_edu_Rwanda.txt,43,0,8,8,0,0,0.4444444444444444,0.4444444444444444,0.0,0.0,4,18,0.2222222222222222,0.03125
390,UNSC_2014_SPV.7138_spch008_edu_Rwanda.txt,44,1,4,0,4,0,0.4,0.0,0.4,0.0,4,10,0.4,0.07407407407407407
400,UNSC_2014_SPV.7138_spch008_edu_Rwanda.txt,45,2,6,0,6,0,0.75,0.0,0.75,0.0,2,8,0.25,0.04878048780487805
408,UNSC_2014_SPV.7138_spch008_edu_Rwanda.txt,46,3,3,0,3,0,0.375,0.0,0.375,0.0,6,8,0.75,0.16216216216216217
416,UNSC_2014_SPV.7138_spch008_edu_Rwanda.txt,47,4,0,0,0,0,0.0,0.0,0.0,0.0,1,5,0.2,0.058823529411764705
421,UNSC_2014_SPV.7138_spch009_edu_China.txt,48,0,0,0,0,0,0.0,0.0,0.0,0.0,1,9,0.1111111111111111,0.02040816326530612
430,UNSC_2014_SPV.7138_spch009_edu_China.txt,49,1,3,0,3,0,0.6,0.0,0.6,0.0,0,5,0.0,0.0
435,UNSC_2014_SPV.7138_spch009_edu_China.txt,50,2,3,0,3,0,1.0,0.0,1.0,0.0,0,3,0.0,0.0
438,UNSC_2014_SPV.7138_spch009_edu_China.txt,51,3,0,0,0,0,0.0,0.0,0.0,0.0,1,9,0.1111111111111111,0.02040816326530612
447,UNSC_2014_SPV.7138_spch009_edu_China.txt,52,4,0,0,0,0,0.0,0.0,0.0,0.0,4,7,0.5714285714285714,0.13333333333333333
454,UNSC_2014_SPV.7138_spch009_edu_China.txt,53,5,0,0,0,0,0.0,0.0,0.0,0.0,1,5,0.2,0.05263157894736842
459,UNSC_2014_SPV.7138_spch009_edu_China.txt,54,6,0,0,0,0,0.0,0.0,0.0,0.0,4,7,0.5714285714285714,0.14814814814814814
466,UNSC_2014_SPV.7138_spch010_edu_Chile.txt,55,0,3,0,3,0,0.42857142857142855,0.0,0.42857142857142855,0.0,1,7,0.14285714285714285,0.020833333333333332
473,UNSC_2014_SPV.7138_spch010_edu_Chile.txt,56,1,3,0,3,0,1.0,0.0,1.0,0.0,0,3,0.0,0.0
476,UNSC_2014_SPV.7138_spch010_edu_Chile.txt,57,2,2,2,0,0,0.6666666666666666,0.6666666666666666,0.0,0.0,1,3,0.3333333333333333,0.07692307692307693
479,UNSC_2014_SPV.7138_spch010_edu_Chile.txt,58,3,0,0,0,0,0.0,0.0,0.0,0.0,1,3,0.3333333333333333,0.07142857142857142
482,UNSC_2014_SPV.7138_spch010_edu_Chile.txt,59,4,3,0,3,0,0.42857142857142855,0.0,0.42857142857142855,0.0,2,7,0.2857142857142857,0.058823529411764705
489,UNSC_2014_SPV.7138_spch011_edu_Argentina.txt,60,0,0,0,0,0,0.0,0.0,0.0,0.0,4,8,0.5,0.0975609756097561
497,UNSC_2014_SPV.7138_spch011_edu_Argentina.txt,61,1,0,0,0,0,0.0,0.0,0.0,0.0,2,6,0.3333333333333333,0.05128205128205128
503,UNSC_2014_SPV.7138_spch011_edu_Argentina.txt,62,2,1,0,1,0,0.16666666666666666,0.0,0.16666666666666666,0.0,5,6,0.8333333333333334,0.2
509,UNSC_2014_SPV.7138_spch012_edu_Australia.txt,63,0,2,2,0,0,0.25,0.25,0.0,0.0,1,8,0.125,0.029411764705882353
517,UNSC_2014_SPV.7138_spch012_edu_Australia.txt,64,1,1,0,1,0,0.16666666666666666,0.0,0.16666666666666666,0.0,2,6,0.3333333333333333,0.058823529411764705
523,UNSC_2014_SPV.7138_spch012_edu_Australia.txt,65,2,2,2,0,0,0.5,0.5,0.0,0.0,1,4,0.25,0.09090909090909091
527,UNSC_2014_SPV.7138_spch012_edu_Australia.txt,66,3,2,0,2,0,0.2222222222222222,0.0,0.2222222222222222,0.0,5,9,0.5555555555555556,0.13157894736842105
536,UNSC_2014_SPV.7138_spch012_edu_Australia.txt,67,4,2,0,2,0,0.5,0.0,0.5,0.0,1,4,0.25,0.07142857142857142
540,UNSC_2014_SPV.7138_spch013_edu_Republic_Of_Korea.txt,68,0,0,0,0,0,0.0,0.0,0.0,0.0,1,6,0.16666666666666666,0.038461538461538464
546,UNSC_2014_SPV.7138_spch013_edu_Republic_Of_Korea.txt,69,1,1,1,0,0,0.3333333333333333,0.3333333333333333,0.0,0.0,3,3,1.0,0.42857142857142855
549,UNSC_2014_SPV.7138_spch014_edu_Nigeria.txt,70,0,0,0,0,0,0.0,0.0,0.0,0.0,2,15,0.13333333333333333,0.01694915254237288
564,UNSC_2014_SPV.7138_spch014_edu_Nigeria.txt,71,1,0,0,0,0,0.0,0.0,0.0,0.0,1,2,0.5,0.3333333333333333
566,UNSC_2014_SPV.7138_spch014_edu_Nigeria.txt,72,2,5,5,0,0,1.0,1.0,0.0,0.0,1,5,0.2,0.058823529411764705
571,UNSC_2014_SPV.7138_spch014_edu_Nigeria.txt,73,3,1,1,0,0,0.5,0.5,0.0,0.0,2,2,1.0,0.6666666666666666
573,UNSC_2014_SPV.7138_spch015_edu_Chad.txt,74,0,0,0,0,0,0.0,0.0,0.0,0.0,1,3,0.3333333333333333,0.125
576,UNSC_2014_SPV.7138_spch015_edu_Chad.txt,75,1,0,0,0,0,0.0,0.0,0.0,0.0,2,7,0.2857142857142857,0.058823529411764705
583,UNSC_2014_SPV.7138_spch015_edu_Chad.txt,76,2,0,0,0,0,0.0,0.0,0.0,0.0,0,1,0.0,0.0
584,UNSC_2014_SPV.7138_spch015_edu_Chad.txt,77,3,0,0,0,0,0.0,0.0,0.0,0.0,2,3,0.6666666666666666,0.2
587,UNSC_2014_SPV.7138_spch016_edu_Jordan.txt,78,0,0,0,0,0,0.0,0.0,0.0,0.0,3,4,0.75,0.17647058823529413
591,UNSC_2014_SPV.7138_spch016_edu_Jordan.txt,79,1,0,0,0,0,0.0,0.0,0.0,0.0,3,3,1.0,0.3333333333333333
594,UNSC_2014_SPV.7138_spch017_edu_Luxembourg.txt,80,0,0,0,0,0,0.0,0.0,0.0,0.0,1,1,1.0,1.0
595,UNSC_2014_SPV.7138_spch017_edu_Luxembourg.txt,81,1,6,0,6,0,1.0,0.0,1.0,0.0,2,6,0.3333333333333333,0.07142857142857142
601,UNSC_2014_SPV.7138_spch017_edu_Luxembourg.txt,82,2,0,0,0,0,0.0,0.0,0.0,0.0,0,5,0.0,0.0
606,UNSC_2014_SPV.7138_spch017_edu_Luxembourg.txt,83,3,1,0,1,0,0.1,0.0,0.1,0.0,0,10,0.0,0.0
616,UNSC_2014_SPV.7138_spch017_edu_Luxembourg.txt,84,4,1,1,0,0,0.1111111111111111,0.1111111111111111,0.0,0.0,0,9,0.0,0.0
625,UNSC_2014_SPV.7138_spch017_edu_Luxembourg.txt,85,5,1,0,1,0,0.3333333333333333,0.0,0.3333333333333333,0.0,0,3,0.0,0.0
628,UNSC_2014_SPV.7138_spch017_edu_Luxembourg.txt,86,6,5,5,0,0,1.0,1.0,0.0,0.0,0,5,0.0,0.0
633,UNSC_2014_SPV.7138_spch017_edu_Luxembourg.txt,87,7,6,1,5,0,0.6666666666666666,0.1111111111111111,0.5555555555555556,0.0,0,9,0.0,0.0
642,UNSC_2014_SPV.7138_spch017_edu_Luxembourg.txt,88,8,3,0,3,0,1.0,0.0,1.0,0.0,1,3,0.3333333333333333,0.125
645,UNSC_2014_SPV.7138_spch017_edu_Luxembourg.txt,89,9,0,0,0,0,0.0,0.0,0.0,0.0,5,9,0.5555555555555556,0.10869565217391304
654,UNSC_2014_SPV.7138_spch017_edu_Luxembourg.txt,90,10,0,0,0,0,0.0,0.0,0.0,0.0,2,2,1.0,0.5
656,UNSC_2014_SPV.7138_spch018_edu_Ukraine.txt,91,0,0,0,0,0,0.0,0.0,0.0,0.0,0,3,0.0,0.0
659,UNSC_2014_SPV.7138_spch018_edu_Ukraine.txt,92,1,0,0,0,0,0.0,0.0,0.0,0.0,0,4,0.0,0.0
663,UNSC_2014_SPV.7138_spch018_edu_Ukraine.txt,93,2,3,0,3,0,0.42857142857142855,0.0,0.42857142857142855,0.0,1,7,0.14285714285714285,0.030303030303030304
670,UNSC_2014_SPV.7138_spch018_edu_Ukraine.txt,94,3,2,0,2,0,0.25,0.0,0.25,0.0,1,8,0.125,0.022222222222222223
678,UNSC_2014_SPV.7138_spch018_edu_Ukraine.txt,95,4,5,0,5,0,1.0,0.0,1.0,0.0,3,5,0.6,0.15
683,UNSC_2014_SPV.7138_spch018_edu_Ukraine.txt,96,5,2,2,0,0,0.5,0.5,0.0,0.0,1,4,0.25,0.08333333333333333
687,UNSC_2014_SPV.7138_spch018_edu_Ukraine.txt,97,6,0,0,0,0,0.0,0.0,0.0,0.0,1,10,0.1,0.015151515151515152
697,UNSC_2014_SPV.7138_spch018_edu_Ukraine.txt,98,7,6,0,2,4,0.5454545454545454,0.0,0.18181818181818182,0.36363636363636365,0,11,0.0,0.0
708,UNSC_2014_SPV.7138_spch018_edu_Ukraine.txt,99,8,0,0,0,0,0.0,0.0,0.0,0.0,0,9,0.0,0.0
717,UNSC_2014_SPV.7138_spch018_edu_Ukraine.txt,100,9,2,0,2,0,1.0,0.0,1.0,0.0,0,2,0.0,0.0
719,UNSC_2014_SPV.7138_spch018_edu_Ukraine.txt,101,10,0,0,0,0,0.0,0.0,0.0,0.0,2,7,0.2857142857142857,0.0625
726,UNSC_2014_SPV.7138_spch020_edu_Russian_Federation.txt,102,0,10,8,2,0,0.9090909090909091,0.7272727272727273,0.18181818181818182,0.0,4,11,0.36363636363636365,0.042105263157894736
737,UNSC_2014_SPV.7138_spch020_edu_Russian_Federation.txt,103,1,4,0,4,0,0.5,0.0,0.5,0.0,3,8,0.375,0.075
745,UNSC_2014_SPV.7138_spch020_edu_Russian_Federation.txt,104,2,0,0,0,0,0.0,0.0,0.0,0.0,4,8,0.5,0.08163265306122448
753,UNSC_2014_SPV.7138_spch020_edu_Russian_Federation.txt,105,3,11,0,4,7,0.5,0.0,0.18181818181818182,0.3181818181818182,15,22,0.6818181818181818,0.1048951048951049
775,UNSC_2014_SPV.7154_spch002_edu_UN.txt,106,0,0,0,0,0,0.0,0.0,0.0,0.0,0,6,0.0,0.0
781,UNSC_2014_SPV.7154_spch002_edu_UN.txt,107,1,0,0,0,0,0.0,0.0,0.0,0.0,0,6,0.0,0.0
787,UNSC_2014_SPV.7154_spch002_edu_UN.txt,108,2,0,0,0,0,0.0,0.0,0.0,0.0,0,9,0.0,0.0
796,UNSC_2014_SPV.7154_spch002_edu_UN.txt,109,3,0,0,0,0,0.0,0.0,0.0,0.0,1,10,0.1,0.014925373134328358
806,UNSC_2014_SPV.7154_spch002_edu_UN.txt,110,4,0,0,0,0,0.0,0.0,0.0,0.0,5,9,0.5555555555555556,0.10416666666666667
815,UNSC_2014_SPV.7154_spch002_edu_UN.txt,111,5,0,0,0,0,0.0,0.0,0.0,0.0,3,10,0.3,0.045454545454545456
825,UNSC_2014_SPV.7154_spch004_edu_Russian_Federation.txt,112,0,7,0,7,0,0.7777777777777778,0.0,0.7777777777777778,0.0,1,9,0.1111111111111111,0.02
834,UNSC_2014_SPV.7154_spch004_edu_Russian_Federation.txt,113,1,9,0,9,0,0.4090909090909091,0.0,0.4090909090909091,0.0,3,22,0.13636363636363635,0.016042780748663103
856,UNSC_2014_SPV.7154_spch004_edu_Russian_Federation.txt,114,2,0,0,0,0,0.0,0.0,0.0,0.0,2,13,0.15384615384615385,0.02127659574468085
869,UNSC_2014_SPV.7154_spch004_edu_Russian_Federation.txt,115,3,0,0,0,0,0.0,0.0,0.0,0.0,1,9,0.1111111111111111,0.015384615384615385
878,UNSC_2014_SPV.7154_spch004_edu_Russian_Federation.txt,116,4,0,0,0,0,0.0,0.0,0.0,0.0,5,8,0.625,0.11904761904761904
886,UNSC_2014_SPV.7154_spch004_edu_Russian_Federation.txt,117,5,0,0,0,0,0.0,0.0,0.0,0.0,3,14,0.21428571428571427,0.0297029702970297
900,UNSC_2014_SPV.7154_spch005_edu_Lithuania.txt,118,0,0,0,0,0,0.0,0.0,0.0,0.0,0,2,0.0,0.0
902,UNSC_2014_SPV.7154_spch005_edu_Lithuania.txt,119,1,14,8,6,0,0.875,0.5,0.375,0.0,1,16,0.0625,0.007874015748031496
918,UNSC_2014_SPV.7154_spch005_edu_Lithuania.txt,120,2,7,7,0,0,0.6363636363636364,0.6363636363636364,0.0,0.0,1,11,0.09090909090909091,0.0196078431372549
929,UNSC_2014_SPV.7154_spch005_edu_Lithuania.txt,121,3,4,4,0,0,0.5714285714285714,0.5714285714285714,0.0,0.0,2,7,0.2857142857142857,0.05555555555555555
936,UNSC_2014_SPV.7154_spch005_edu_Lithuania.txt,122,4,0,0,0,0,0.0,0.0,0.0,0.0,6,12,0.5,0.08695652173913043
948,UNSC_2014_SPV.7154_spch005_edu_Lithuania.txt,123,5,11,11,0,0,1.0,1.0,0.0,0.0,1,11,0.09090909090909091,0.02040816326530612
959,UNSC_2014_SPV.7154_spch005_edu_Lithuania.txt,124,6,5,5,0,0,1.0,1.0,0.0,0.0,1,5,0.2,0.05263157894736842
964,UNSC_2014_SPV.7154_spch005_edu_Lithuania.txt,125,7,3,3,0,0,1.0,1.0,0.0,0.0,1,3,0.3333333333333333,0.14285714285714285
967,UNSC_2014_SPV.7154_spch005_edu_Lithuania.txt,126,8,4,0,4,0,0.5,0.0,0.5,0.0,0,8,0.0,0.0
975,UNSC_2014_SPV.7154_spch006_edu_United_States_Of_America.txt,127,0,5,0,5,0,0.625,0.0,0.625,0.0,0,8,0.0,0.0
983,UNSC_2014_SPV.7154_spch006_edu_United_States_Of_America.txt,128,1,9,0,0,9,0.42857142857142855,0.0,0.0,0.42857142857142855,0,21,0.0,0.0
1004,UNSC_2014_SPV.7154_spch006_edu_United_States_Of_America.txt,129,2,11,0,3,8,1.0,0.0,0.2727272727272727,0.7272727272727273,1,11,0.09090909090909091,0.013888888888888888
1015,UNSC_2014_SPV.7154_spch006_edu_United_States_Of_America.txt,130,3,0,0,0,0,0.0,0.0,0.0,0.0,0,11,0.0,0.0
1026,UNSC_2014_SPV.7154_spch006_edu_United_States_Of_America.txt,131,4,5,0,0,5,1.0,0.0,0.0,1.0,1,5,0.2,0.047619047619047616
1031,UNSC_2014_SPV.7154_spch006_edu_United_States_Of_America.txt,132,5,5,0,5,0,0.625,0.0,0.625,0.0,0,8,0.0,0.0
1039,UNSC_2014_SPV.7154_spch006_edu_United_States_Of_America.txt,133,6,0,0,0,0,0.0,0.0,0.0,0.0,3,10,0.3,0.05555555555555555
1049,UNSC_2014_SPV.7154_spch007_edu_United_Kingdom_Of_Great_Britain_And_Northern_Ireland.txt,134,0,0,0,0,0,0.0,0.0,0.0,0.0,0,6,0.0,0.0
1055,UNSC_2014_SPV.7154_spch007_edu_United_Kingdom_Of_Great_Britain_And_Northern_Ireland.txt,135,1,7,0,7,0,0.6363636363636364,0.0,0.6363636363636364,0.0,0,11,0.0,0.0
1066,UNSC_2014_SPV.7154_spch007_edu_United_Kingdom_Of_Great_Britain_And_Northern_Ireland.txt,136,2,6,0,6,0,1.0,0.0,1.0,0.0,0,6,0.0,0.0
1072,UNSC_2014_SPV.7154_spch007_edu_United_Kingdom_Of_Great_Britain_And_Northern_Ireland.txt,137,3,8,0,0,8,1.0,0.0,0.0,1.0,0,8,0.0,0.0
1080,UNSC_2014_SPV.7154_spch007_edu_United_Kingdom_Of_Great_Britain_And_Northern_Ireland.txt,138,4,4,0,4,0,1.0,0.0,1.0,0.0,3,4,0.75,0.21428571428571427
1084,UNSC_2014_SPV.7154_spch007_edu_United_Kingdom_Of_Great_Britain_And_Northern_Ireland.txt,139,5,8,0,8,0,1.0,0.0,1.0,0.0,1,8,0.125,0.027777777777777776
1092,UNSC_2014_SPV.7154_spch007_edu_United_Kingdom_Of_Great_Britain_And_Northern_Ireland.txt,140,6,14,0,7,7,1.0,0.0,0.5,0.5,0,14,0.0,0.0
1106,UNSC_2014_SPV.7154_spch007_edu_United_Kingdom_Of_Great_Britain_And_Northern_Ireland.txt,141,7,0,0,0,0,0.0,0.0,0.0,0.0,0,5,0.0,0.0
1111,UNSC_2014_SPV.7154_spch007_edu_United_Kingdom_Of_Great_Britain_And_Northern_Ireland.txt,142,8,5,0,5,0,1.0,0.0,1.0,0.0,0,5,0.0,0.0
1116,UNSC_2014_SPV.7154_spch007_edu_United_Kingdom_Of_Great_Britain_And_Northern_Ireland.txt,143,9,6,0,6,0,0.6,0.0,0.6,0.0,1,10,0.1,0.016129032258064516
1126,UNSC_2014_SPV.7154_spch008_edu_France.txt,144,0,1,0,1,0,0.16666666666666666,0.0,0.16666666666666666,0.0,1,6,0.16666666666666666,0.037037037037037035
1132,UNSC_2014_SPV.7154_spch008_edu_France.txt,145,1,15,0,6,9,0.8333333333333334,0.0,0.3333333333333333,0.5,0,18,0.0,0.0
1150,UNSC_2014_SPV.7154_spch008_edu_France.txt,146,2,13,1,12,0,1.0,0.07692307692307693,0.9230769230769231,0.0,4,13,0.3076923076923077,0.05714285714285714
1163,UNSC_2014_SPV.7154_spch008_edu_France.txt,147,3,6,6,0,0,0.75,0.75,0.0,0.0,1,8,0.125,0.023255813953488372
1171,UNSC_2014_SPV.7154_spch008_edu_France.txt,148,4,0,0,0,0,0.0,0.0,0.0,0.0,5,5,1.0,0.3125
1176,UNSC_2014_SPV.7154_spch008_edu_France.txt,149,5,5,4,1,0,0.3333333333333333,0.26666666666666666,0.06666666666666667,0.0,0,15,0.0,0.0
1191,UNSC_2014_SPV.7154_spch008_edu_France.txt,150,6,5,0,5,0,0.8333333333333334,0.0,0.8333333333333334,0.0,0,6,0.0,0.0
1197,UNSC_2014_SPV.7154_spch009_edu_Rwanda.txt,151,0,0,0,0,0,0.0,0.0,0.0,0.0,0,2,0.0,0.0
1199,UNSC_2014_SPV.7154_spch009_edu_Rwanda.txt,152,1,0,0,0,0,0.0,0.0,0.0,0.0,1,5,0.2,0.037037037037037035
1204,UNSC_2014_SPV.7154_spch009_edu_Rwanda.txt,153,2,0,0,0,0,0.0,0.0,0.0,0.0,4,6,0.6666666666666666,0.12903225806451613
1210,UNSC_2014_SPV.7154_spch009_edu_Rwanda.txt,154,3,0,0,0,0,0.0,0.0,0.0,0.0,1,6,0.16666666666666666,0.02857142857142857
1216,UNSC_2014_SPV.7154_spch009_edu_Rwanda.txt,155,4,1,0,1,0,0.08333333333333333,0.0,0.08333333333333333,0.0,4,12,0.3333333333333333,0.047619047619047616
1228,UNSC_2014_SPV.7154_spch009_edu_Rwanda.txt,156,5,0,0,0,0,0.0,0.0,0.0,0.0,0,11,0.0,0.0
1239,UNSC_2014_SPV.7154_spch011_edu_Australia.txt,157,0,5,5,0,0,0.4166666666666667,0.4166666666666667,0.0,0.0,1,12,0.08333333333333333,0.011363636363636364
1251,UNSC_2014_SPV.7154_spch011_edu_Australia.txt,158,1,1,0,1,0,0.1,0.0,0.1,0.0,1,10,0.1,0.015625
1261,UNSC_2014_SPV.7154_spch011_edu_Australia.txt,159,2,10,0,2,8,0.5555555555555556,0.0,0.1111111111111111,0.4444444444444444,8,18,0.4444444444444444,0.05673758865248227
1279,UNSC_2014_SPV.7154_spch011_edu_Australia.txt,160,3,2,0,2,0,0.18181818181818182,0.0,0.18181818181818182,0.0,3,11,0.2727272727272727,0.04285714285714286
1290,UNSC_2014_SPV.7154_spch011_edu_Australia.txt,161,4,2,0,2,0,0.2,0.0,0.2,0.0,1,10,0.1,0.013888888888888888
1300,UNSC_2014_SPV.7154_spch012_edu_China.txt,162,0,0,0,0,0,0.0,0.0,0.0,0.0,1,1,1.0,1.0
1301,UNSC_2014_SPV.7154_spch012_edu_China.txt,163,1,0,0,0,0,0.0,0.0,0.0,0.0,1,5,0.2,0.05
1306,UNSC_2014_SPV.7154_spch012_edu_China.txt,164,2,0,0,0,0,0.0,0.0,0.0,0.0,2,7,0.2857142857142857,0.05714285714285714
1313,UNSC_2014_SPV.7154_spch013_edu_Argentina.txt,165,0,0,0,0,0,0.0,0.0,0.0,0.0,0,2,0.0,0.0
1315,UNSC_2014_SPV.7154_spch013_edu_Argentina.txt,166,1,0,0,0,0,0.0,0.0,0.0,0.0,1,6,0.16666666666666666,0.045454545454545456
1321,UNSC_2014_SPV.7154_spch013_edu_Argentina.txt,167,2,0,0,0,0,0.0,0.0,0.0,0.0,4,15,0.26666666666666666,0.0380952380952381
1336,UNSC_2014_SPV.7154_spch013_edu_Argentina.txt,168,3,0,0,0,0,0.0,0.0,0.0,0.0,4,14,0.2857142857142857,0.04938271604938271
1350,UNSC_2014_SPV.7154_spch014_edu_Republic_Of_Korea.txt,169,0,0,0,0,0,0.0,0.0,0.0,0.0,1,1,1.0,1.0
1351,UNSC_2014_SPV.7154_spch014_edu_Republic_Of_Korea.txt,170,1,0,0,0,0,0.0,0.0,0.0,0.0,0,6,0.0,0.0
1357,UNSC_2014_SPV.7154_spch014_edu_Republic_Of_Korea.txt,171,2,0,0,0,0,0.0,0.0,0.0,0.0,1,6,0.16666666666666666,0.03125
1363,UNSC_2014_SPV.7154_spch017_edu_Chile.txt,172,0,0,0,0,0,0.0,0.0,0.0,0.0,0,7,0.0,0.0
1370,UNSC_2014_SPV.7154_spch017_edu_Chile.txt,173,1,0,0,0,0,0.0,0.0,0.0,0.0,1,6,0.16666666666666666,0.038461538461538464
1376,UNSC_2014_SPV.7154_spch017_edu_Chile.txt,174,2,0,0,0,0,0.0,0.0,0.0,0.0,3,6,0.5,0.13636363636363635
1382,UNSC_2014_SPV.7154_spch019_edu_Ukraine.txt,175,0,0,0,0,0,0.0,0.0,0.0,0.0,0,2,0.0,0.0
1384,UNSC_2014_SPV.7154_spch019_edu_Ukraine.txt,176,1,4,0,4,0,0.5714285714285714,0.0,0.5714285714285714,0.0,1,7,0.14285714285714285,0.03333333333333333
1391,UNSC_2014_SPV.7154_spch019_edu_Ukraine.txt,177,2,0,0,0,0,0.0,0.0,0.0,0.0,1,29,0.034482758620689655,0.004032258064516129
1420,UNSC_2014_SPV.7154_spch019_edu_Ukraine.txt,178,3,19,0,19,0,0.8636363636363636,0.0,0.8636363636363636,0.0,0,22,0.0,0.0
1442,UNSC_2014_SPV.7154_spch019_edu_Ukraine.txt,179,4,4,4,0,0,1.0,1.0,0.0,0.0,0,4,0.0,0.0
1446,UNSC_2014_SPV.7154_spch019_edu_Ukraine.txt,180,5,3,3,0,0,1.0,1.0,0.0,0.0,0,3,0.0,0.0
1449,UNSC_2014_SPV.7154_spch019_edu_Ukraine.txt,181,6,0,0,0,0,0.0,0.0,0.0,0.0,0,1,0.0,0.0
1450,UNSC_2014_SPV.7154_spch019_edu_Ukraine.txt,182,7,3,0,3,0,1.0,0.0,1.0,0.0,0,3,0.0,0.0
1453,UNSC_2014_SPV.7154_spch019_edu_Ukraine.txt,183,8,0,0,0,0,0.0,0.0,0.0,0.0,0,3,0.0,0.0
1456,UNSC_2014_SPV.7154_spch019_edu_Ukraine.txt,184,9,4,4,0,0,1.0,1.0,0.0,0.0,0,4,0.0,0.0
1460,UNSC_2014_SPV.7154_spch019_edu_Ukraine.txt,185,10,2,0,2,0,1.0,0.0,1.0,0.0,0,2,0.0,0.0
1462,UNSC_2014_SPV.7154_spch019_edu_Ukraine.txt,186,11,0,0,0,0,0.0,0.0,0.0,0.0,0,2,0.0,0.0
1464,UNSC_2014_SPV.7154_spch019_edu_Ukraine.txt,187,12,2,2,0,0,0.6666666666666666,0.6666666666666666,0.0,0.0,0,3,0.0,0.0
1467,UNSC_2014_SPV.7154_spch019_edu_Ukraine.txt,188,13,1,1,0,0,0.1111111111111111,0.1111111111111111,0.0,0.0,2,9,0.2222222222222222,0.04081632653061224
1476,UNSC_2014_SPV.7154_spch019_edu_Ukraine.txt,189,14,2,0,0,2,0.25,0.0,0.0,0.25,0,8,0.0,0.0
1484,UNSC_2014_SPV.7154_spch019_edu_Ukraine.txt,190,15,0,0,0,0,0.0,0.0,0.0,0.0,0,5,0.0,0.0
1489,UNSC_2014_SPV.7154_spch019_edu_Ukraine.txt,191,16,0,0,0,0,0.0,0.0,0.0,0.0,6,9,0.6666666666666666,0.12244897959183673
1498,UNSC_2014_SPV.7154_spch019_edu_Ukraine.txt,192,17,14,0,14,0,0.8235294117647058,0.0,0.8235294117647058,0.0,7,17,0.4117647058823529,0.05303030303030303
1515,UNSC_2014_SPV.7154_spch019_edu_Ukraine.txt,193,18,4,0,0,4,0.2857142857142857,0.0,0.0,0.2857142857142857,1,14,0.07142857142857142,0.0125
1529,UNSC_2014_SPV.7154_spch019_edu_Ukraine.txt,194,19,2,0,2,0,0.2222222222222222,0.0,0.2222222222222222,0.0,4,9,0.4444444444444444,0.07407407407407407
1538,UNSC_2014_SPV.7154_spch019_edu_Ukraine.txt,195,20,0,0,0,0,0.0,0.0,0.0,0.0,0,3,0.0,0.0
1541,UNSC_2014_SPV.7154_spch021_edu_Russian_Federation.txt,196,0,4,0,4,0,0.3333333333333333,0.0,0.3333333333333333,0.0,2,12,0.16666666666666666,0.02857142857142857
1553,UNSC_2014_SPV.7154_spch021_edu_Russian_Federation.txt,197,1,2,2,0,0,0.25,0.25,0.0,0.0,0,8,0.0,0.0
1561,UNSC_2014_SPV.7154_spch021_edu_Russian_Federation.txt,198,2,2,0,2,0,0.16666666666666666,0.0,0.16666666666666666,0.0,0,12,0.0,0.0
1573,UNSC_2014_SPV.7154_spch021_edu_Russian_Federation.txt,199,3,4,0,4,0,0.2857142857142857,0.0,0.2857142857142857,0.0,0,14,0.0,0.0
1587,UNSC_2014_SPV.7154_spch021_edu_Russian_Federation.txt,200,4,0,0,0,0,0.0,0.0,0.0,0.0,1,14,0.07142857142857142,0.008403361344537815
1601,UNSC_2014_SPV.7154_spch021_edu_Russian_Federation.txt,201,5,0,0,0,0,0.0,0.0,0.0,0.0,0,16,0.0,0.0
1617,UNSC_2014_SPV.7154_spch021_edu_Russian_Federation.txt,202,6,3,0,0,3,0.21428571428571427,0.0,0.0,0.21428571428571427,0,14,0.0,0.0
1631,UNSC_2014_SPV.7154_spch021_edu_Russian_Federation.txt,203,7,0,0,0,0,0.0,0.0,0.0,0.0,3,22,0.13636363636363635,0.016129032258064516
1653,UNSC_2014_SPV.7154_spch021_edu_Russian_Federation.txt,204,8,0,0,0,0,0.0,0.0,0.0,0.0,2,15,0.13333333333333333,0.020618556701030927
1668,UNSC_2014_SPV.7154_spch021_edu_Russian_Federation.txt,205,9,0,0,0,0,0.0,0.0,0.0,0.0,8,9,0.8888888888888888,0.16666666666666666
1677,UNSC_2014_SPV.7154_spch023_edu_United_States_Of_America.txt,206,0,0,0,0,0,0.0,0.0,0.0,0.0,1,2,0.5,0.3333333333333333
1679,UNSC_2014_SPV.7154_spch023_edu_United_States_Of_America.txt,207,1,0,0,0,0,0.0,0.0,0.0,0.0,2,7,0.2857142857142857,0.046511627906976744
1686,UNSC_2014_SPV.7154_spch023_edu_United_States_Of_America.txt,208,2,2,0,2,0,1.0,0.0,1.0,0.0,2,2,1.0,0.6666666666666666
1688,UNSC_2014_SPV.7154_spch023_edu_United_States_Of_America.txt,209,3,4,0,4,0,0.8,0.0,0.8,0.0,5,5,1.0,0.25
1693,UNSC_2014_SPV.7154_spch023_edu_United_States_Of_America.txt,210,4,13,0,0,13,1.0,0.0,0.0,1.0,4,13,0.3076923076923077,0.0547945205479452
1706,UNSC_2014_SPV.7154_spch023_edu_United_States_Of_America.txt,211,5,3,0,3,0,0.3333333333333333,0.0,0.3333333333333333,0.0,5,9,0.5555555555555556,0.10869565217391304
1715,UNSC_2014_SPV.7154_spch025_edu_Ukraine.txt,212,0,0,0,0,0,0.0,0.0,0.0,0.0,4,8,0.5,0.07017543859649122
1723,UNSC_2014_SPV.7154_spch025_edu_Ukraine.txt,213,1,6,0,6,0,0.16666666666666666,0.0,0.16666666666666666,0.0,12,36,0.3333333333333333,0.03582089552238806
1759,UNSC_2014_SPV.7154_spch025_edu_Ukraine.txt,214,2,0,0,0,0,0.0,0.0,0.0,0.0,2,6,0.3333333333333333,0.07692307692307693
1765,UNSC_2014_SPV.7154_spch027_edu_Russian_Federation.txt,215,0,0,0,0,0,0.0,0.0,0.0,0.0,1,2,0.5,0.3333333333333333
1767,UNSC_2014_SPV.7154_spch027_edu_Russian_Federation.txt,216,1,3,0,0,3,0.10714285714285714,0.0,0.0,0.10714285714285714,20,28,0.7142857142857143,0.09433962264150944
1795,UNSC_2014_SPV.7165_spch004_edu_United_Kingdom_Of_Great_Britain_And_Northern_Ireland.txt,217,0,0,0,0,0,0.0,0.0,0.0,0.0,0,1,0.0,0.0
1796,UNSC_2014_SPV.7165_spch004_edu_United_Kingdom_Of_Great_Britain_And_Northern_Ireland.txt,218,1,0,0,0,0,0.0,0.0,0.0,0.0,0,4,0.0,0.0
1800,UNSC_2014_SPV.7165_spch004_edu_United_Kingdom_Of_Great_Britain_And_Northern_Ireland.txt,219,2,8,0,1,7,0.8888888888888888,0.0,0.1111111111111111,0.7777777777777778,1,9,0.1111111111111111,0.021739130434782608
1809,UNSC_2014_SPV.7165_spch004_edu_United_Kingdom_Of_Great_Britain_And_Northern_Ireland.txt,220,3,12,0,5,7,1.0,0.0,0.4166666666666667,0.5833333333333334,0,12,0.0,0.0
1821,UNSC_2014_SPV.7165_spch004_edu_United_Kingdom_Of_Great_Britain_And_Northern_Ireland.txt,221,4,2,0,2,0,0.125,0.0,0.125,0.0,0,16,0.0,0.0
1837,UNSC_2014_SPV.7165_spch004_edu_United_Kingdom_Of_Great_Britain_And_Northern_Ireland.txt,222,5,1,0,1,0,0.16666666666666666,0.0,0.16666666666666666,0.0,0,6,0.0,0.0
1843,UNSC_2014_SPV.7165_spch004_edu_United_Kingdom_Of_Great_Britain_And_Northern_Ireland.txt,223,6,4,0,4,0,0.4444444444444444,0.0,0.4444444444444444,0.0,0,9,0.0,0.0
1852,UNSC_2014_SPV.7165_spch004_edu_United_Kingdom_Of_Great_Britain_And_Northern_Ireland.txt,224,7,4,0,4,0,0.5,0.0,0.5,0.0,0,8,0.0,0.0
1860,UNSC_2014_SPV.7165_spch004_edu_United_Kingdom_Of_Great_Britain_And_Northern_Ireland.txt,225,8,7,5,2,0,0.7,0.5,0.2,0.0,0,10,0.0,0.0
1870,UNSC_2014_SPV.7165_spch004_edu_United_Kingdom_Of_Great_Britain_And_Northern_Ireland.txt,226,9,4,0,4,0,0.5,0.0,0.5,0.0,0,8,0.0,0.0
1878,UNSC_2014_SPV.7165_spch004_edu_United_Kingdom_Of_Great_Britain_And_Northern_Ireland.txt,227,10,9,0,9,0,0.9,0.0,0.9,0.0,3,10,0.3,0.05
1888,UNSC_2014_SPV.7165_spch004_edu_United_Kingdom_Of_Great_Britain_And_Northern_Ireland.txt,228,11,0,0,0,0,0.0,0.0,0.0,0.0,1,10,0.1,0.014925373134328358
1898,UNSC_2014_SPV.7165_spch005_edu_France.txt,229,0,0,0,0,0,0.0,0.0,0.0,0.0,0,1,0.0,0.0
1899,UNSC_2014_SPV.7165_spch005_edu_France.txt,230,1,0,0,0,0,0.0,0.0,0.0,0.0,1,11,0.09090909090909091,0.013333333333333334
1910,UNSC_2014_SPV.7165_spch005_edu_France.txt,231,2,7,0,5,2,0.3684210526315789,0.0,0.2631578947368421,0.10526315789473684,7,19,0.3684210526315789,0.0457516339869281
1929,UNSC_2014_SPV.7165_spch005_edu_France.txt,232,3,2,0,2,0,0.2857142857142857,0.0,0.2857142857142857,0.0,1,7,0.14285714285714285,0.023809523809523808
1936,UNSC_2014_SPV.7165_spch005_edu_France.txt,233,4,10,0,10,0,0.7692307692307693,0.0,0.7692307692307693,0.0,3,13,0.23076923076923078,0.02857142857142857
1949,UNSC_2014_SPV.7165_spch005_edu_France.txt,234,5,3,1,2,0,0.23076923076923078,0.07692307692307693,0.15384615384615385,0.0,4,13,0.3076923076923077,0.04938271604938271
1962,UNSC_2014_SPV.7165_spch005_edu_France.txt,235,6,2,0,2,0,0.4,0.0,0.4,0.0,3,5,0.6,0.16666666666666666
1967,UNSC_2014_SPV.7165_spch006_edu_Rwanda.txt,236,0,0,0,0,0,0.0,0.0,0.0,0.0,1,7,0.14285714285714285,0.03571428571428571
1974,UNSC_2014_SPV.7165_spch006_edu_Rwanda.txt,237,1,0,0,0,0,0.0,0.0,0.0,0.0,1,13,0.07692307692307693,0.0136986301369863
1987,UNSC_2014_SPV.7165_spch006_edu_Rwanda.txt,238,2,4,0,4,0,0.4444444444444444,0.0,0.4444444444444444,0.0,3,9,0.3333333333333333,0.06976744186046512
1996,UNSC_2014_SPV.7165_spch006_edu_Rwanda.txt,239,3,0,0,0,0,0.0,0.0,0.0,0.0,5,10,0.5,0.09090909090909091
2006,UNSC_2014_SPV.7165_spch006_edu_Rwanda.txt,240,4,0,0,0,0,0.0,0.0,0.0,0.0,1,5,0.2,0.05555555555555555
2011,UNSC_2014_SPV.7165_spch007_edu_Argentina.txt,241,0,0,0,0,0,0.0,0.0,0.0,0.0,0,1,0.0,0.0
2012,UNSC_2014_SPV.7165_spch007_edu_Argentina.txt,242,1,0,0,0,0,0.0,0.0,0.0,0.0,0,13,0.0,0.0
2025,UNSC_2014_SPV.7165_spch007_edu_Argentina.txt,243,2,0,0,0,0,0.0,0.0,0.0,0.0,1,10,0.1,0.017857142857142856
2035,UNSC_2014_SPV.7165_spch007_edu_Argentina.txt,244,3,0,0,0,0,0.0,0.0,0.0,0.0,2,8,0.25,0.04081632653061224
2043,UNSC_2014_SPV.7165_spch007_edu_Argentina.txt,245,4,0,0,0,0,0.0,0.0,0.0,0.0,3,5,0.6,0.14285714285714285
2048,UNSC_2014_SPV.7165_spch007_edu_Argentina.txt,246,5,0,0,0,0,0.0,0.0,0.0,0.0,1,5,0.2,0.05263157894736842
2053,UNSC_2014_SPV.7165_spch008_edu_United_States_Of_America.txt,247,0,0,0,0,0,0.0,0.0,0.0,0.0,1,1,1.0,1.0
2054,UNSC_2014_SPV.7165_spch008_edu_United_States_Of_America.txt,248,1,1,0,1,0,0.05,0.0,0.05,0.0,3,20,0.15,0.017543859649122806
2074,UNSC_2014_SPV.7165_spch008_edu_United_States_Of_America.txt,249,2,3,3,0,0,0.3,0.3,0.0,0.0,1,10,0.1,0.017543859649122806
2084,UNSC_2014_SPV.7165_spch008_edu_United_States_Of_America.txt,250,3,5,5,0,0,1.0,1.0,0.0,0.0,0,5,0.0,0.0
2089,UNSC_2014_SPV.7165_spch008_edu_United_States_Of_America.txt,251,4,7,7,0,0,1.0,1.0,0.0,0.0,0,7,0.0,0.0
2096,UNSC_2014_SPV.7165_spch008_edu_United_States_Of_America.txt,252,5,10,10,0,0,0.7692307692307693,0.7692307692307693,0.0,0.0,0,13,0.0,0.0
2109,UNSC_2014_SPV.7165_spch008_edu_United_States_Of_America.txt,253,6,6,6,0,0,1.0,1.0,0.0,0.0,0,6,0.0,0.0
2115,UNSC_2014_SPV.7165_spch008_edu_United_States_Of_America.txt,254,7,0,0,0,0,0.0,0.0,0.0,0.0,1,14,0.07142857142857142,0.012195121951219513
2129,UNSC_2014_SPV.7165_spch008_edu_United_States_Of_America.txt,255,8,3,3,0,0,0.375,0.375,0.0,0.0,0,8,0.0,0.0
2137,UNSC_2014_SPV.7165_spch008_edu_United_States_Of_America.txt,256,9,0,0,0,0,0.0,0.0,0.0,0.0,0,6,0.0,0.0
2143,UNSC_2014_SPV.7165_spch008_edu_United_States_Of_America.txt,257,10,3,0,3,0,0.75,0.0,0.75,0.0,0,4,0.0,0.0
2147,UNSC_2014_SPV.7165_spch008_edu_United_States_Of_America.txt,258,11,7,0,7,0,1.0,0.0,1.0,0.0,0,7,0.0,0.0
2154,UNSC_2014_SPV.7165_spch008_edu_United_States_Of_America.txt,259,12,0,0,0,0,0.0,0.0,0.0,0.0,0,4,0.0,0.0
2158,UNSC_2014_SPV.7165_spch008_edu_United_States_Of_America.txt,260,13,1,0,1,0,0.25,0.0,0.25,0.0,1,4,0.25,0.07142857142857142
2162,UNSC_2014_SPV.7165_spch009_edu_China.txt,261,0,0,0,0,0,0.0,0.0,0.0,0.0,1,1,1.0,1.0
2163,UNSC_2014_SPV.7165_spch009_edu_China.txt,262,1,0,0,0,0,0.0,0.0,0.0,0.0,1,7,0.14285714285714285,0.022222222222222223
2170,UNSC_2014_SPV.7165_spch009_edu_China.txt,263,2,3,0,3,0,0.21428571428571427,0.0,0.21428571428571427,0.0,9,14,0.6428571428571429,0.10344827586206896
2184,UNSC_2014_SPV.7165_spch009_edu_China.txt,264,3,0,0,0,0,0.0,0.0,0.0,0.0,0,6,0.0,0.0
2190,UNSC_2014_SPV.7165_spch010_edu_Republic_Of_Korea.txt,265,0,0,0,0,0,0.0,0.0,0.0,0.0,0,4,0.0,0.0
2194,UNSC_2014_SPV.7165_spch010_edu_Republic_Of_Korea.txt,266,1,0,0,0,0,0.0,0.0,0.0,0.0,0,5,0.0,0.0
2199,UNSC_2014_SPV.7165_spch010_edu_Republic_Of_Korea.txt,267,2,0,0,0,0,0.0,0.0,0.0,0.0,0,9,0.0,0.0
2208,UNSC_2014_SPV.7165_spch010_edu_Republic_Of_Korea.txt,268,3,0,0,0,0,0.0,0.0,0.0,0.0,3,8,0.375,0.07317073170731707
2216,UNSC_2014_SPV.7165_spch010_edu_Republic_Of_Korea.txt,269,4,0,0,0,0,0.0,0.0,0.0,0.0,1,1,1.0,1.0
2217,UNSC_2014_SPV.7165_spch011_edu_Luxembourg.txt,270,0,6,0,6,0,0.6666666666666666,0.0,0.6666666666666666,0.0,0,9,0.0,0.0
2226,UNSC_2014_SPV.7165_spch011_edu_Luxembourg.txt,271,1,6,6,0,0,1.0,1.0,0.0,0.0,0,6,0.0,0.0
2232,UNSC_2014_SPV.7165_spch011_edu_Luxembourg.txt,272,2,8,8,0,0,0.7272727272727273,0.7272727272727273,0.0,0.0,2,11,0.18181818181818182,0.03125
2243,UNSC_2014_SPV.7165_spch011_edu_Luxembourg.txt,273,3,0,0,0,0,0.0,0.0,0.0,0.0,5,10,0.5,0.09259259259259259
2253,UNSC_2014_SPV.7165_spch011_edu_Luxembourg.txt,274,4,8,8,0,0,0.8888888888888888,0.8888888888888888,0.0,0.0,4,9,0.4444444444444444,0.10526315789473684
2262,UNSC_2014_SPV.7165_spch011_edu_Luxembourg.txt,275,5,0,0,0,0,0.0,0.0,0.0,0.0,0,8,0.0,0.0
2270,UNSC_2014_SPV.7165_spch011_edu_Luxembourg.txt,276,6,4,4,0,0,1.0,1.0,0.0,0.0,1,4,0.25,0.07142857142857142
2274,UNSC_2014_SPV.7165_spch011_edu_Luxembourg.txt,277,7,5,5,0,0,0.8333333333333334,0.8333333333333334,0.0,0.0,1,6,0.16666666666666666,0.043478260869565216
2280,UNSC_2014_SPV.7165_spch011_edu_Luxembourg.txt,278,8,2,0,2,0,0.3333333333333333,0.0,0.3333333333333333,0.0,1,6,0.16666666666666666,0.03333333333333333
2286,UNSC_2014_SPV.7165_spch014_edu_Australia.txt,279,0,3,0,3,0,0.75,0.0,0.75,0.0,0,4,0.0,0.0
2290,UNSC_2014_SPV.7165_spch014_edu_Australia.txt,280,1,0,0,0,0,0.0,0.0,0.0,0.0,0,9,0.0,0.0
2299,UNSC_2014_SPV.7165_spch014_edu_Australia.txt,281,2,0,0,0,0,0.0,0.0,0.0,0.0,1,16,0.0625,0.014492753623188406
2315,UNSC_2014_SPV.7165_spch014_edu_Australia.txt,282,3,8,3,1,4,0.8,0.3,0.1,0.4,1,10,0.1,0.016666666666666666
2325,UNSC_2014_SPV.7165_spch014_edu_Australia.txt,283,4,5,4,1,0,0.7142857142857143,0.5714285714285714,0.14285714285714285,0.0,0,7,0.0,0.0
2332,UNSC_2014_SPV.7165_spch014_edu_Australia.txt,284,5,2,0,2,0,0.5,0.0,0.5,0.0,1,4,0.25,0.07142857142857142
2336,UNSC_2014_SPV.7165_spch014_edu_Australia.txt,285,6,0,0,0,0,0.0,0.0,0.0,0.0,0,8,0.0,0.0
2344,UNSC_2014_SPV.7165_spch014_edu_Australia.txt,286,7,2,0,2,0,0.6666666666666666,0.0,0.6666666666666666,0.0,0,3,0.0,0.0
2347,UNSC_2014_SPV.7165_spch014_edu_Australia.txt,287,8,4,4,0,0,0.6666666666666666,0.6666666666666666,0.0,0.0,3,6,0.5,0.11538461538461539
2353,UNSC_2014_SPV.7165_spch015_edu_Russian_Federation.txt,288,0,5,0,5,0,0.7142857142857143,0.0,0.7142857142857143,0.0,2,7,0.2857142857142857,0.058823529411764705
2360,UNSC_2014_SPV.7165_spch015_edu_Russian_Federation.txt,289,1,16,0,9,7,0.5517241379310345,0.0,0.3103448275862069,0.2413793103448276,0,29,0.0,0.0
2389,UNSC_2014_SPV.7165_spch015_edu_Russian_Federation.txt,290,2,11,0,5,6,0.8461538461538461,0.0,0.38461538461538464,0.46153846153846156,0,13,0.0,0.0
2402,UNSC_2014_SPV.7165_spch015_edu_Russian_Federation.txt,291,3,7,0,0,7,0.7,0.0,0.0,0.7,0,10,0.0,0.0
2412,UNSC_2014_SPV.7165_spch015_edu_Russian_Federation.txt,292,4,13,0,0,13,0.6190476190476191,0.0,0.0,0.6190476190476191,0,21,0.0,0.0
2433,UNSC_2014_SPV.7165_spch015_edu_Russian_Federation.txt,293,5,21,0,7,14,0.5121951219512195,0.0,0.17073170731707318,0.34146341463414637,2,41,0.04878048780487805,0.0049261083743842365
2474,UNSC_2014_SPV.7165_spch015_edu_Russian_Federation.txt,294,6,3,0,3,0,0.3333333333333333,0.0,0.3333333333333333,0.0,0,9,0.0,0.0
2483,UNSC_2014_SPV.7165_spch015_edu_Russian_Federation.txt,295,7,0,0,0,0,0.0,0.0,0.0,0.0,1,8,0.125,0.02702702702702703
2491,UNSC_2014_SPV.7165_spch015_edu_Russian_Federation.txt,296,8,0,0,0,0,0.0,0.0,0.0,0.0,5,12,0.4166666666666667,0.060240963855421686
2503,UNSC_2014_SPV.7165_spch015_edu_Russian_Federation.txt,297,9,0,0,0,0,0.0,0.0,0.0,0.0,4,11,0.36363636363636365,0.047619047619047616
2514,UNSC_2014_SPV.7165_spch015_edu_Russian_Federation.txt,298,10,3,0,3,0,0.25,0.0,0.25,0.0,3,12,0.25,0.03296703296703297
2526,UNSC_2014_SPV.7165_spch016_edu_Lithuania.txt,299,0,0,0,0,0,0.0,0.0,0.0,0.0,2,5,0.4,0.08
2531,UNSC_2014_SPV.7165_spch016_edu_Lithuania.txt,300,1,3,0,3,0,0.5,0.0,0.5,0.0,3,6,0.5,0.125
2537,UNSC_2014_SPV.7165_spch016_edu_Lithuania.txt,301,2,3,0,3,0,0.3,0.0,0.3,0.0,5,10,0.5,0.0847457627118644
2547,UNSC_2014_SPV.7165_spch016_edu_Lithuania.txt,302,3,0,0,0,0,0.0,0.0,0.0,0.0,4,17,0.23529411764705882,0.036036036036036036
2564,UNSC_2014_SPV.7165_spch016_edu_Lithuania.txt,303,4,0,0,0,0,0.0,0.0,0.0,0.0,1,2,0.5,0.3333333333333333
2566,UNSC_2014_SPV.7165_spch016_edu_Lithuania.txt,304,5,16,7,6,3,0.7272727272727273,0.3181818181818182,0.2727272727272727,0.13636363636363635,4,22,0.18181818181818182,0.021505376344086023
2588,UNSC_2014_SPV.7165_spch016_edu_Lithuania.txt,305,6,9,0,5,4,0.9,0.0,0.5,0.4,1,10,0.1,0.016666666666666666
2598,UNSC_2014_SPV.7165_spch016_edu_Lithuania.txt,306,7,4,0,4,0,1.0,0.0,1.0,0.0,3,4,0.75,0.25
2602,UNSC_2014_SPV.7165_spch016_edu_Lithuania.txt,307,8,9,9,0,0,0.6428571428571429,0.6428571428571429,0.0,0.0,4,14,0.2857142857142857,0.0425531914893617
2616,UNSC_2014_SPV.7165_spch016_edu_Lithuania.txt,308,9,9,6,3,0,0.8181818181818182,0.5454545454545454,0.2727272727272727,0.0,3,11,0.2727272727272727,0.046153846153846156
2627,UNSC_2014_SPV.7165_spch016_edu_Lithuania.txt,309,10,6,6,0,0,0.6666666666666666,0.6666666666666666,0.0,0.0,1,9,0.1111111111111111,0.02127659574468085
2636,UNSC_2014_SPV.7165_spch016_edu_Lithuania.txt,310,11,3,3,0,0,0.5,0.5,0.0,0.0,6,6,1.0,0.2857142857142857
2642,UNSC_2014_SPV.7165_spch016_edu_Lithuania.txt,311,12,4,4,0,0,0.16666666666666666,0.16666666666666666,0.0,0.0,6,24,0.25,0.032432432432432434
2666,UNSC_2014_SPV.7165_spch016_edu_Lithuania.txt,312,13,4,0,4,0,0.5714285714285714,0.0,0.5714285714285714,0.0,1,7,0.14285714285714285,0.029411764705882353
2673,UNSC_2014_SPV.7165_spch019_edu_Ukraine.txt,313,0,0,0,0,0,0.0,0.0,0.0,0.0,0,4,0.0,0.0
2677,UNSC_2014_SPV.7165_spch019_edu_Ukraine.txt,314,1,6,0,6,0,0.6666666666666666,0.0,0.6666666666666666,0.0,0,9,0.0,0.0
2686,UNSC_2014_SPV.7165_spch019_edu_Ukraine.txt,315,2,0,0,0,0,0.0,0.0,0.0,0.0,1,19,0.05263157894736842,0.007874015748031496
2705,UNSC_2014_SPV.7165_spch019_edu_Ukraine.txt,316,3,10,2,7,1,0.9090909090909091,0.18181818181818182,0.6363636363636364,0.09090909090909091,2,11,0.18181818181818182,0.031746031746031744
2716,UNSC_2014_SPV.7165_spch019_edu_Ukraine.txt,317,4,10,2,0,8,1.0,0.2,0.0,0.8,0,10,0.0,0.0
2726,UNSC_2014_SPV.7165_spch019_edu_Ukraine.txt,318,5,4,3,1,0,0.23529411764705882,0.17647058823529413,0.058823529411764705,0.0,0,17,0.0,0.0
2743,UNSC_2014_SPV.7165_spch019_edu_Ukraine.txt,319,6,4,4,0,0,0.5714285714285714,0.5714285714285714,0.0,0.0,0,7,0.0,0.0
2750,UNSC_2014_SPV.7165_spch019_edu_Ukraine.txt,320,7,16,16,0,0,0.7619047619047619,0.7619047619047619,0.0,0.0,0,21,0.0,0.0
2771,UNSC_2014_SPV.7165_spch019_edu_Ukraine.txt,321,8,14,3,2,9,0.9333333333333333,0.2,0.13333333333333333,0.6,0,15,0.0,0.0
2786,UNSC_2014_SPV.7165_spch019_edu_Ukraine.txt,322,9,5,0,3,2,0.35714285714285715,0.0,0.21428571428571427,0.14285714285714285,0,14,0.0,0.0
2800,UNSC_2014_SPV.7165_spch019_edu_Ukraine.txt,323,10,14,0,6,8,0.6363636363636364,0.0,0.2727272727272727,0.36363636363636365,0,22,0.0,0.0
2822,UNSC_2014_SPV.7165_spch019_edu_Ukraine.txt,324,11,0,0,0,0,0.0,0.0,0.0,0.0,0,3,0.0,0.0
2825,UNSC_2014_SPV.7165_spch019_edu_Ukraine.txt,325,12,6,6,0,0,0.8571428571428571,0.8571428571428571,0.0,0.0,0,7,0.0,0.0
2832,UNSC_2014_SPV.7165_spch019_edu_Ukraine.txt,326,13,0,0,0,0,0.0,0.0,0.0,0.0,0,2,0.0,0.0
2834,UNSC_2014_SPV.7165_spch019_edu_Ukraine.txt,327,14,0,0,0,0,0.0,0.0,0.0,0.0,0,9,0.0,0.0
2843,UNSC_2014_SPV.7165_spch019_edu_Ukraine.txt,328,15,1,0,1,0,0.16666666666666666,0.0,0.16666666666666666,0.0,2,6,0.3333333333333333,0.0625
2849,UNSC_2014_SPV.7165_spch019_edu_Ukraine.txt,329,16,2,0,2,0,0.15384615384615385,0.0,0.15384615384615385,0.0,5,13,0.38461538461538464,0.07936507936507936
2862,UNSC_2014_SPV.7165_spch019_edu_Ukraine.txt,330,17,5,0,5,0,1.0,0.0,1.0,0.0,3,5,0.6,0.1875
2867,UNSC_2014_SPV.7165_spch021_edu_Russian_Federation.txt,331,0,0,0,0,0,0.0,0.0,0.0,0.0,1,5,0.2,0.047619047619047616
2872,UNSC_2014_SPV.7165_spch021_edu_Russian_Federation.txt,332,1,5,0,5,0,0.2631578947368421,0.0,0.2631578947368421,0.0,6,19,0.3157894736842105,0.047619047619047616
2891,UNSC_2014_SPV.7219_spch004_edu_United_Kingdom_Of_Great_Britain_And_Northern_Ireland.txt,333,0,0,0,0,0,0.0,0.0,0.0,0.0,0,11,0.0,0.0
2902,UNSC_2014_SPV.7219_spch004_edu_United_Kingdom_Of_Great_Britain_And_Northern_Ireland.txt,334,1,0,0,0,0,0.0,0.0,0.0,0.0,1,7,0.14285714285714285,0.025
2909,UNSC_2014_SPV.7219_spch004_edu_United_Kingdom_Of_Great_Britain_And_Northern_Ireland.txt,335,2,0,0,0,0,0.0,0.0,0.0,0.0,9,15,0.6,0.10714285714285714
2924,UNSC_2014_SPV.7219_spch004_edu_United_Kingdom_Of_Great_Britain_And_Northern_Ireland.txt,336,3,0,0,0,0,0.0,0.0,0.0,0.0,5,9,0.5555555555555556,0.14705882352941177
2933,UNSC_2014_SPV.7219_spch004_edu_United_Kingdom_Of_Great_Britain_And_Northern_Ireland.txt,337,4,2,0,0,2,0.18181818181818182,0.0,0.0,0.18181818181818182,0,11,0.0,0.0
2944,UNSC_2014_SPV.7219_spch004_edu_United_Kingdom_Of_Great_Britain_And_Northern_Ireland.txt,338,5,0,0,0,0,0.0,0.0,0.0,0.0,1,7,0.14285714285714285,0.02631578947368421
2951,UNSC_2014_SPV.7219_spch004_edu_United_Kingdom_Of_Great_Britain_And_Northern_Ireland.txt,339,6,0,0,0,0,0.0,0.0,0.0,0.0,5,12,0.4166666666666667,0.06578947368421052
2963,UNSC_2014_SPV.7219_spch004_edu_United_Kingdom_Of_Great_Britain_And_Northern_Ireland.txt,340,7,0,0,0,0,0.0,0.0,0.0,0.0,0,10,0.0,0.0
2973,UNSC_2014_SPV.7219_spch006_edu_United_States_Of_America.txt,341,0,0,0,0,0,0.0,0.0,0.0,0.0,1,15,0.06666666666666667,0.009523809523809525
2988,UNSC_2014_SPV.7219_spch006_edu_United_States_Of_America.txt,342,1,0,0,0,0,0.0,0.0,0.0,0.0,0,1,0.0,0.0
2989,UNSC_2014_SPV.7219_spch006_edu_United_States_Of_America.txt,343,2,0,0,0,0,0.0,0.0,0.0,0.0,2,12,0.16666666666666666,0.02857142857142857
3001,UNSC_2014_SPV.7219_spch006_edu_United_States_Of_America.txt,344,3,0,0,0,0,0.0,0.0,0.0,0.0,0,11,0.0,0.0
3012,UNSC_2014_SPV.7219_spch006_edu_United_States_Of_America.txt,345,4,2,0,2,0,0.16666666666666666,0.0,0.16666666666666666,0.0,0,12,0.0,0.0
3024,UNSC_2014_SPV.7219_spch006_edu_United_States_Of_America.txt,346,5,1,1,0,0,0.07142857142857142,0.07142857142857142,0.0,0.0,2,14,0.14285714285714285,0.018691588785046728
3038,UNSC_2014_SPV.7219_spch006_edu_United_States_Of_America.txt,347,6,2,2,0,0,0.14285714285714285,0.14285714285714285,0.0,0.0,3,14,0.21428571428571427,0.038461538461538464
3052,UNSC_2014_SPV.7219_spch006_edu_United_States_Of_America.txt,348,7,10,5,5,0,1.0,0.5,0.5,0.0,0,10,0.0,0.0
3062,UNSC_2014_SPV.7219_spch006_edu_United_States_Of_America.txt,349,8,3,0,0,3,0.2727272727272727,0.0,0.0,0.2727272727272727,0,11,0.0,0.0
3073,UNSC_2014_SPV.7219_spch006_edu_United_States_Of_America.txt,350,9,12,12,0,0,0.4444444444444444,0.4444444444444444,0.0,0.0,0,27,0.0,0.0
3100,UNSC_2014_SPV.7219_spch006_edu_United_States_Of_America.txt,351,10,2,0,2,0,0.25,0.0,0.25,0.0,2,8,0.25,0.045454545454545456
3108,UNSC_2014_SPV.7219_spch006_edu_United_States_Of_America.txt,352,11,3,0,3,0,0.42857142857142855,0.0,0.42857142857142855,0.0,4,7,0.5714285714285714,0.12121212121212122
3115,UNSC_2014_SPV.7219_spch006_edu_United_States_Of_America.txt,353,12,3,0,3,0,0.1875,0.0,0.1875,0.0,4,16,0.25,0.0547945205479452
3131,UNSC_2014_SPV.7219_spch006_edu_United_States_Of_America.txt,354,13,2,0,2,0,0.125,0.0,0.125,0.0,1,16,0.0625,0.009174311926605505
3147,UNSC_2014_SPV.7219_spch006_edu_United_States_Of_America.txt,355,14,4,0,4,0,0.3076923076923077,0.0,0.3076923076923077,0.0,3,13,0.23076923076923078,0.0375
3160,UNSC_2014_SPV.7219_spch007_edu_Lithuania.txt,356,0,0,0,0,0,0.0,0.0,0.0,0.0,0,4,0.0,0.0
3164,UNSC_2014_SPV.7219_spch007_edu_Lithuania.txt,357,1,0,0,0,0,0.0,0.0,0.0,0.0,0,5,0.0,0.0
3169,UNSC_2014_SPV.7219_spch007_edu_Lithuania.txt,358,2,0,0,0,0,0.0,0.0,0.0,0.0,1,9,0.1111111111111111,0.020833333333333332
3178,UNSC_2014_SPV.7219_spch007_edu_Lithuania.txt,359,3,7,7,0,0,0.6363636363636364,0.6363636363636364,0.0,0.0,0,11,0.0,0.0
3189,UNSC_2014_SPV.7219_spch007_edu_Lithuania.txt,360,4,2,2,0,0,0.2857142857142857,0.2857142857142857,0.0,0.0,0,7,0.0,0.0
3196,UNSC_2014_SPV.7219_spch007_edu_Lithuania.txt,361,5,7,3,4,0,0.7777777777777778,0.3333333333333333,0.4444444444444444,0.0,0,9,0.0,0.0
3205,UNSC_2014_SPV.7219_spch007_edu_Lithuania.txt,362,6,8,7,1,0,0.8,0.7,0.1,0.0,0,10,0.0,0.0
3215,UNSC_2014_SPV.7219_spch007_edu_Lithuania.txt,363,7,5,5,0,0,0.38461538461538464,0.38461538461538464,0.0,0.0,9,13,0.6923076923076923,0.14516129032258066
3228,UNSC_2014_SPV.7219_spch008_edu_China.txt,364,0,0,0,0,0,0.0,0.0,0.0,0.0,0,1,0.0,0.0
3229,UNSC_2014_SPV.7219_spch008_edu_China.txt,365,1,0,0,0,0,0.0,0.0,0.0,0.0,1,2,0.5,0.3333333333333333
3231,UNSC_2014_SPV.7219_spch008_edu_China.txt,366,2,0,0,0,0,0.0,0.0,0.0,0.0,3,5,0.6,0.14285714285714285
3236,UNSC_2014_SPV.7219_spch008_edu_China.txt,367,3,6,0,6,0,0.6,0.0,0.6,0.0,1,10,0.1,0.02
3246,UNSC_2014_SPV.7219_spch008_edu_China.txt,368,4,0,0,0,0,0.0,0.0,0.0,0.0,3,13,0.23076923076923078,0.04054054054054054
3259,UNSC_2014_SPV.7219_spch008_edu_China.txt,369,5,0,0,0,0,0.0,0.0,0.0,0.0,0,6,0.0,0.0
3265,UNSC_2014_SPV.7219_spch009_edu_Australia.txt,370,0,0,0,0,0,0.0,0.0,0.0,0.0,1,11,0.09090909090909091,0.013157894736842105
3276,UNSC_2014_SPV.7219_spch009_edu_Australia.txt,371,1,7,7,0,0,0.4375,0.4375,0.0,0.0,0,16,0.0,0.0
3292,UNSC_2014_SPV.7219_spch009_edu_Australia.txt,372,2,0,0,0,0,0.0,0.0,0.0,0.0,0,8,0.0,0.0
3300,UNSC_2014_SPV.7219_spch009_edu_Australia.txt,373,3,0,0,0,0,0.0,0.0,0.0,0.0,3,11,0.2727272727272727,0.05263157894736842
3311,UNSC_2014_SPV.7219_spch009_edu_Australia.txt,374,4,0,0,0,0,0.0,0.0,0.0,0.0,4,9,0.4444444444444444,0.08695652173913043
3320,UNSC_2014_SPV.7219_spch009_edu_Australia.txt,375,5,1,0,1,0,0.125,0.0,0.125,0.0,1,8,0.125,0.027777777777777776
3328,UNSC_2014_SPV.7219_spch009_edu_Australia.txt,376,6,3,0,3,0,0.3333333333333333,0.0,0.3333333333333333,0.0,0,9,0.0,0.0
3337,UNSC_2014_SPV.7219_spch009_edu_Australia.txt,377,7,4,2,2,0,0.4444444444444444,0.2222222222222222,0.2222222222222222,0.0,0,9,0.0,0.0
3346,UNSC_2014_SPV.7219_spch009_edu_Australia.txt,378,8,0,0,0,0,0.0,0.0,0.0,0.0,0,10,0.0,0.0
3356,UNSC_2014_SPV.7219_spch009_edu_Australia.txt,379,9,0,0,0,0,0.0,0.0,0.0,0.0,1,6,0.16666666666666666,0.043478260869565216
3362,UNSC_2014_SPV.7219_spch010_edu_Luxembourg.txt,380,0,0,0,0,0,0.0,0.0,0.0,0.0,0,1,0.0,0.0
3363,UNSC_2014_SPV.7219_spch010_edu_Luxembourg.txt,381,1,0,0,0,0,0.0,0.0,0.0,0.0,2,6,0.3333333333333333,0.07407407407407407
3369,UNSC_2014_SPV.7219_spch010_edu_Luxembourg.txt,382,2,0,0,0,0,0.0,0.0,0.0,0.0,4,10,0.4,0.06557377049180328
3379,UNSC_2014_SPV.7219_spch010_edu_Luxembourg.txt,383,3,7,7,0,0,0.875,0.875,0.0,0.0,0,8,0.0,0.0
3387,UNSC_2014_SPV.7219_spch010_edu_Luxembourg.txt,384,4,2,2,0,0,1.0,1.0,0.0,0.0,0,2,0.0,0.0
3389,UNSC_2014_SPV.7219_spch010_edu_Luxembourg.txt,385,5,5,3,2,0,0.5,0.3,0.2,0.0,4,10,0.4,0.0625
3399,UNSC_2014_SPV.7219_spch010_edu_Luxembourg.txt,386,6,0,0,0,0,0.0,0.0,0.0,0.0,1,3,0.3333333333333333,0.14285714285714285
3402,UNSC_2014_SPV.7219_spch010_edu_Luxembourg.txt,387,7,0,0,0,0,0.0,0.0,0.0,0.0,0,3,0.0,0.0
3405,UNSC_2014_SPV.7219_spch010_edu_Luxembourg.txt,388,8,2,0,2,0,0.18181818181818182,0.0,0.18181818181818182,0.0,3,11,0.2727272727272727,0.046153846153846156
3416,UNSC_2014_SPV.7219_spch011_edu_France.txt,389,0,0,0,0,0,0.0,0.0,0.0,0.0,0,1,0.0,0.0
3417,UNSC_2014_SPV.7219_spch011_edu_France.txt,390,1,0,0,0,0,0.0,0.0,0.0,0.0,1,4,0.25,0.08333333333333333
3421,UNSC_2014_SPV.7219_spch011_edu_France.txt,391,2,0,0,0,0,0.0,0.0,0.0,0.0,2,4,0.5,0.16666666666666666
3425,UNSC_2014_SPV.7219_spch011_edu_France.txt,392,3,0,0,0,0,0.0,0.0,0.0,0.0,5,8,0.625,0.125
3433,UNSC_2014_SPV.7219_spch011_edu_France.txt,393,4,0,0,0,0,0.0,0.0,0.0,0.0,1,6,0.16666666666666666,0.034482758620689655
3439,UNSC_2014_SPV.7219_spch011_edu_France.txt,394,5,0,0,0,0,0.0,0.0,0.0,0.0,1,7,0.14285714285714285,0.034482758620689655
3446,UNSC_2014_SPV.7219_spch011_edu_France.txt,395,6,5,5,0,0,0.7142857142857143,0.7142857142857143,0.0,0.0,0,7,0.0,0.0
3453,UNSC_2014_SPV.7219_spch011_edu_France.txt,396,7,0,0,0,0,0.0,0.0,0.0,0.0,1,13,0.07692307692307693,0.011904761904761904
3466,UNSC_2014_SPV.7219_spch011_edu_France.txt,397,8,6,3,3,0,0.75,0.375,0.375,0.0,0,8,0.0,0.0
3474,UNSC_2014_SPV.7219_spch011_edu_France.txt,398,9,2,0,2,0,0.2857142857142857,0.0,0.2857142857142857,0.0,2,7,0.2857142857142857,0.041666666666666664
3481,UNSC_2014_SPV.7219_spch011_edu_France.txt,399,10,3,3,0,0,0.42857142857142855,0.42857142857142855,0.0,0.0,4,7,0.5714285714285714,0.12121212121212122
3488,UNSC_2014_SPV.7219_spch011_edu_France.txt,400,11,1,1,0,0,0.2,0.2,0.0,0.0,1,5,0.2,0.047619047619047616
3493,UNSC_2014_SPV.7219_spch011_edu_France.txt,401,12,1,0,1,0,0.16666666666666666,0.0,0.16666666666666666,0.0,0,6,0.0,0.0
3499,UNSC_2014_SPV.7219_spch013_edu_Argentina.txt,402,0,0,0,0,0,0.0,0.0,0.0,0.0,0,2,0.0,0.0
3501,UNSC_2014_SPV.7219_spch013_edu_Argentina.txt,403,1,0,0,0,0,0.0,0.0,0.0,0.0,0,8,0.0,0.0
3509,UNSC_2014_SPV.7219_spch013_edu_Argentina.txt,404,2,0,0,0,0,0.0,0.0,0.0,0.0,1,5,0.2,0.05555555555555555
3514,UNSC_2014_SPV.7219_spch013_edu_Argentina.txt,405,3,0,0,0,0,0.0,0.0,0.0,0.0,0,13,0.0,0.0
3527,UNSC_2014_SPV.7219_spch013_edu_Argentina.txt,406,4,0,0,0,0,0.0,0.0,0.0,0.0,2,3,0.6666666666666666,0.2222222222222222
3530,UNSC_2014_SPV.7219_spch013_edu_Argentina.txt,407,5,2,0,2,0,0.3333333333333333,0.0,0.3333333333333333,0.0,5,6,0.8333333333333334,0.21739130434782608
3536,UNSC_2014_SPV.7219_spch014_edu_Nigeria.txt,408,0,0,0,0,0,0.0,0.0,0.0,0.0,0,3,0.0,0.0
3539,UNSC_2014_SPV.7219_spch014_edu_Nigeria.txt,409,1,0,0,0,0,0.0,0.0,0.0,0.0,1,8,0.125,0.025
3547,UNSC_2014_SPV.7219_spch014_edu_Nigeria.txt,410,2,0,0,0,0,0.0,0.0,0.0,0.0,0,4,0.0,0.0
3551,UNSC_2014_SPV.7219_spch014_edu_Nigeria.txt,411,3,0,0,0,0,0.0,0.0,0.0,0.0,1,6,0.16666666666666666,0.045454545454545456
3557,UNSC_2014_SPV.7219_spch014_edu_Nigeria.txt,412,4,0,0,0,0,0.0,0.0,0.0,0.0,1,3,0.3333333333333333,0.14285714285714285
3560,UNSC_2014_SPV.7219_spch014_edu_Nigeria.txt,413,5,0,0,0,0,0.0,0.0,0.0,0.0,2,3,0.6666666666666666,0.25
3563,UNSC_2014_SPV.7219_spch014_edu_Nigeria.txt,414,6,0,0,0,0,0.0,0.0,0.0,0.0,1,3,0.3333333333333333,0.14285714285714285
3566,UNSC_2014_SPV.7219_spch014_edu_Nigeria.txt,415,7,0,0,0,0,0.0,0.0,0.0,0.0,1,3,0.3333333333333333,0.125
3569,UNSC_2014_SPV.7219_spch014_edu_Nigeria.txt,416,8,0,0,0,0,0.0,0.0,0.0,0.0,1,1,1.0,1.0
3570,UNSC_2014_SPV.7219_spch014_edu_Nigeria.txt,417,9,0,0,0,0,0.0,0.0,0.0,0.0,2,3,0.6666666666666666,0.2222222222222222
3573,UNSC_2014_SPV.7219_spch015_edu_Russian_Federation.txt,418,0,0,0,0,0,0.0,0.0,0.0,0.0,0,4,0.0,0.0
3577,UNSC_2014_SPV.7219_spch015_edu_Russian_Federation.txt,419,1,0,0,0,0,0.0,0.0,0.0,0.0,0,6,0.0,0.0
3583,UNSC_2014_SPV.7219_spch015_edu_Russian_Federation.txt,420,2,7,4,3,0,0.875,0.5,0.375,0.0,0,8,0.0,0.0
3591,UNSC_2014_SPV.7219_spch015_edu_Russian_Federation.txt,421,3,13,3,3,7,0.6842105263157895,0.15789473684210525,0.15789473684210525,0.3684210526315789,1,19,0.05263157894736842,0.008695652173913044
3610,UNSC_2014_SPV.7219_spch015_edu_Russian_Federation.txt,422,4,7,2,5,0,0.5384615384615384,0.15384615384615385,0.38461538461538464,0.0,3,13,0.23076923076923078,0.037037037037037035
3623,UNSC_2014_SPV.7219_spch015_edu_Russian_Federation.txt,423,5,7,0,7,0,0.875,0.0,0.875,0.0,8,8,1.0,0.27586206896551724
3631,UNSC_2014_SPV.7219_spch015_edu_Russian_Federation.txt,424,6,8,0,8,0,0.8888888888888888,0.0,0.8888888888888888,0.0,0,9,0.0,0.0
3640,UNSC_2014_SPV.7219_spch015_edu_Russian_Federation.txt,425,7,7,1,6,0,1.0,0.14285714285714285,0.8571428571428571,0.0,2,7,0.2857142857142857,0.06666666666666667
3647,UNSC_2014_SPV.7219_spch015_edu_Russian_Federation.txt,426,8,8,0,8,0,0.6666666666666666,0.0,0.6666666666666666,0.0,0,12,0.0,0.0
3659,UNSC_2014_SPV.7219_spch015_edu_Russian_Federation.txt,427,9,2,0,2,0,0.14285714285714285,0.0,0.14285714285714285,0.0,1,14,0.07142857142857142,0.01020408163265306
3673,UNSC_2014_SPV.7219_spch015_edu_Russian_Federation.txt,428,10,4,0,4,0,0.4,0.0,0.4,0.0,5,10,0.5,0.09433962264150944
3683,UNSC_2014_SPV.7219_spch015_edu_Russian_Federation.txt,429,11,0,0,0,0,0.0,0.0,0.0,0.0,3,3,1.0,0.3333333333333333
3686,UNSC_2014_SPV.7219_spch017_edu_Republic_Of_Korea.txt,430,0,0,0,0,0,0.0,0.0,0.0,0.0,0,1,0.0,0.0
3687,UNSC_2014_SPV.7219_spch017_edu_Republic_Of_Korea.txt,431,1,0,0,0,0,0.0,0.0,0.0,0.0,3,4,0.75,0.2727272727272727
3691,UNSC_2014_SPV.7219_spch017_edu_Republic_Of_Korea.txt,432,2,2,0,2,0,0.18181818181818182,0.0,0.18181818181818182,0.0,8,11,0.7272727272727273,0.14285714285714285
3702,UNSC_2014_SPV.7219_spch017_edu_Republic_Of_Korea.txt,433,3,0,0,0,0,0.0,0.0,0.0,0.0,3,4,0.75,0.23076923076923078
3706,UNSC_2014_SPV.7219_spch018_edu_Rwanda.txt,434,0,0,0,0,0,0.0,0.0,0.0,0.0,0,1,0.0,0.0
3707,UNSC_2014_SPV.7219_spch018_edu_Rwanda.txt,435,1,0,0,0,0,0.0,0.0,0.0,0.0,0,5,0.0,0.0
3712,UNSC_2014_SPV.7219_spch018_edu_Rwanda.txt,436,2,2,0,2,0,0.2,0.0,0.2,0.0,0,10,0.0,0.0
3722,UNSC_2014_SPV.7219_spch018_edu_Rwanda.txt,437,3,0,0,0,0,0.0,0.0,0.0,0.0,0,15,0.0,0.0
3737,UNSC_2014_SPV.7219_spch018_edu_Rwanda.txt,438,4,1,0,1,0,0.16666666666666666,0.0,0.16666666666666666,0.0,2,6,0.3333333333333333,0.058823529411764705
3743,UNSC_2014_SPV.7219_spch018_edu_Rwanda.txt,439,5,0,0,0,0,0.0,0.0,0.0,0.0,1,8,0.125,0.023255813953488372
3751,UNSC_2014_SPV.7219_spch018_edu_Rwanda.txt,440,6,0,0,0,0,0.0,0.0,0.0,0.0,1,3,0.3333333333333333,0.14285714285714285
3754,UNSC_2014_SPV.7219_spch018_edu_Rwanda.txt,441,7,3,0,3,0,1.0,0.0,1.0,0.0,0,3,0.0,0.0
3757,UNSC_2014_SPV.7219_spch018_edu_Rwanda.txt,442,8,0,0,0,0,0.0,0.0,0.0,0.0,1,2,0.5,0.2
3759,UNSC_2014_SPV.7219_spch018_edu_Rwanda.txt,443,9,0,0,0,0,0.0,0.0,0.0,0.0,1,1,1.0,1.0
3760,UNSC_2014_SPV.7219_spch019_edu_Ukraine.txt,444,0,0,0,0,0,0.0,0.0,0.0,0.0,0,2,0.0,0.0
3762,UNSC_2014_SPV.7219_spch019_edu_Ukraine.txt,445,1,0,0,0,0,0.0,0.0,0.0,0.0,2,8,0.25,0.046511627906976744
3770,UNSC_2014_SPV.7219_spch019_edu_Ukraine.txt,446,2,0,0,0,0,0.0,0.0,0.0,0.0,1,6,0.16666666666666666,0.037037037037037035
3776,UNSC_2014_SPV.7219_spch019_edu_Ukraine.txt,447,3,9,5,4,0,0.6923076923076923,0.38461538461538464,0.3076923076923077,0.0,1,13,0.07692307692307693,0.010752688172043012
3789,UNSC_2014_SPV.7219_spch019_edu_Ukraine.txt,448,4,6,6,0,0,1.0,1.0,0.0,0.0,0,6,0.0,0.0
3795,UNSC_2014_SPV.7219_spch019_edu_Ukraine.txt,449,5,0,0,0,0,0.0,0.0,0.0,0.0,0,5,0.0,0.0
3800,UNSC_2014_SPV.7219_spch019_edu_Ukraine.txt,450,6,8,2,6,0,0.6666666666666666,0.16666666666666666,0.5,0.0,8,12,0.6666666666666666,0.09411764705882353
3812,UNSC_2014_SPV.7219_spch019_edu_Ukraine.txt,451,7,11,3,8,0,0.6875,0.1875,0.5,0.0,0,16,0.0,0.0
3828,UNSC_2014_SPV.7219_spch019_edu_Ukraine.txt,452,8,9,7,2,0,0.6923076923076923,0.5384615384615384,0.15384615384615385,0.0,0,13,0.0,0.0
3841,UNSC_2014_SPV.7219_spch019_edu_Ukraine.txt,453,9,4,0,4,0,0.6666666666666666,0.0,0.6666666666666666,0.0,0,6,0.0,0.0
3847,UNSC_2014_SPV.7219_spch019_edu_Ukraine.txt,454,10,3,0,0,3,1.0,0.0,0.0,1.0,0,3,0.0,0.0
3850,UNSC_2014_SPV.7219_spch019_edu_Ukraine.txt,455,11,3,0,0,3,1.0,0.0,0.0,1.0,0,3,0.0,0.0
3853,UNSC_2014_SPV.7219_spch019_edu_Ukraine.txt,456,12,5,0,5,0,0.7142857142857143,0.0,0.7142857142857143,0.0,2,7,0.2857142857142857,0.058823529411764705
3860,UNSC_2014_SPV.7219_spch019_edu_Ukraine.txt,457,13,9,3,2,4,1.0,0.3333333333333333,0.2222222222222222,0.4444444444444444,0,9,0.0,0.0
3869,UNSC_2014_SPV.7219_spch019_edu_Ukraine.txt,458,14,4,1,3,0,0.4,0.1,0.3,0.0,4,10,0.4,0.06666666666666667
3879,UNSC_2014_SPV.7219_spch019_edu_Ukraine.txt,459,15,7,7,0,0,1.0,1.0,0.0,0.0,2,7,0.2857142857142857,0.0625
3886,UNSC_2014_SPV.7219_spch019_edu_Ukraine.txt,460,16,6,0,6,0,1.0,0.0,1.0,0.0,3,6,0.5,0.125
3892,UNSC_2014_SPV.7219_spch025_edu_Indonesia.txt,461,0,0,0,0,0,0.0,0.0,0.0,0.0,0,1,0.0,0.0
3893,UNSC_2014_SPV.7219_spch025_edu_Indonesia.txt,462,1,0,0,0,0,0.0,0.0,0.0,0.0,3,8,0.375,0.06521739130434782
3901,UNSC_2014_SPV.7219_spch025_edu_Indonesia.txt,463,2,2,0,2,0,0.4,0.0,0.4,0.0,2,5,0.4,0.09090909090909091
3906,UNSC_2014_SPV.7219_spch025_edu_Indonesia.txt,464,3,0,0,0,0,0.0,0.0,0.0,0.0,2,6,0.3333333333333333,0.0625
3912,UNSC_2014_SPV.7219_spch025_edu_Indonesia.txt,465,4,0,0,0,0,0.0,0.0,0.0,0.0,2,2,1.0,0.5
3914,UNSC_2014_SPV.7219_spch025_edu_Indonesia.txt,466,5,0,0,0,0,0.0,0.0,0.0,0.0,3,4,0.75,0.21428571428571427
3918,UNSC_2014_SPV.7219_spch029_edu_Belgium.txt,467,0,0,0,0,0,0.0,0.0,0.0,0.0,0,2,0.0,0.0
3920,UNSC_2014_SPV.7219_spch029_edu_Belgium.txt,468,1,0,0,0,0,0.0,0.0,0.0,0.0,0,7,0.0,0.0
3927,UNSC_2014_SPV.7219_spch029_edu_Belgium.txt,469,2,0,0,0,0,0.0,0.0,0.0,0.0,1,8,0.125,0.025
3935,UNSC_2014_SPV.7219_spch029_edu_Belgium.txt,470,3,0,0,0,0,0.0,0.0,0.0,0.0,1,4,0.25,0.047619047619047616
3939,UNSC_2016_SPV.7643_spch002_edu_Egypt.txt,471,0,2,2,0,0,0.15384615384615385,0.15384615384615385,0.0,0.0,5,13,0.38461538461538464,0.0684931506849315
3952,UNSC_2016_SPV.7643_spch002_edu_Egypt.txt,472,1,0,0,0,0,0.0,0.0,0.0,0.0,1,8,0.125,0.02702702702702703
3960,UNSC_2016_SPV.7643_spch003_edu_United_States_Of_America.txt,473,0,0,0,0,0,0.0,0.0,0.0,0.0,0,21,0.0,0.0
3981,UNSC_2016_SPV.7643_spch003_edu_United_States_Of_America.txt,474,1,0,0,0,0,0.0,0.0,0.0,0.0,2,20,0.1,0.013071895424836602
4001,UNSC_2016_SPV.7643_spch003_edu_United_States_Of_America.txt,475,2,5,5,0,0,0.5,0.5,0.0,0.0,1,10,0.1,0.016666666666666666
4011,UNSC_2016_SPV.7643_spch003_edu_United_States_Of_America.txt,476,3,0,0,0,0,0.0,0.0,0.0,0.0,3,11,0.2727272727272727,0.041666666666666664
4022,UNSC_2016_SPV.7643_spch003_edu_United_States_Of_America.txt,477,4,0,0,0,0,0.0,0.0,0.0,0.0,1,15,0.06666666666666667,0.009900990099009901
4037,UNSC_2016_SPV.7643_spch005_edu_Egypt.txt,478,0,0,0,0,0,0.0,0.0,0.0,0.0,2,24,0.08333333333333333,0.012578616352201259
4061,UNSC_2016_SPV.7643_spch005_edu_Egypt.txt,479,1,0,0,0,0,0.0,0.0,0.0,0.0,4,15,0.26666666666666666,0.04040404040404041
4076,UNSC_2016_SPV.7643_spch005_edu_Egypt.txt,480,2,0,0,0,0,0.0,0.0,0.0,0.0,1,3,0.3333333333333333,0.14285714285714285
4079,UNSC_2016_SPV.7643_spch006_edu_United_Kingdom_Of_Great_Britain_And_Northern_Ireland.txt,481,0,0,0,0,0,0.0,0.0,0.0,0.0,0,4,0.0,0.0
4083,UNSC_2016_SPV.7643_spch006_edu_United_Kingdom_Of_Great_Britain_And_Northern_Ireland.txt,482,1,4,0,4,0,0.21052631578947367,0.0,0.21052631578947367,0.0,5,19,0.2631578947368421,0.034722222222222224
4102,UNSC_2016_SPV.7643_spch006_edu_United_Kingdom_Of_Great_Britain_And_Northern_Ireland.txt,483,2,4,0,4,0,0.4,0.0,0.4,0.0,1,10,0.1,0.02
4112,UNSC_2016_SPV.7643_spch006_edu_United_Kingdom_Of_Great_Britain_And_Northern_Ireland.txt,484,3,0,0,0,0,0.0,0.0,0.0,0.0,0,17,0.0,0.0
4129,UNSC_2016_SPV.7643_spch007_edu_Russian_Federation.txt,485,0,0,0,0,0,0.0,0.0,0.0,0.0,4,6,0.6666666666666666,0.16
4135,UNSC_2016_SPV.7643_spch007_edu_Russian_Federation.txt,486,1,3,0,3,0,0.3,0.0,0.3,0.0,5,10,0.5,0.10869565217391304
4145,UNSC_2016_SPV.7643_spch007_edu_Russian_Federation.txt,487,2,9,9,0,0,0.5625,0.5625,0.0,0.0,1,16,0.0625,0.010526315789473684
4161,UNSC_2016_SPV.7643_spch007_edu_Russian_Federation.txt,488,3,0,0,0,0,0.0,0.0,0.0,0.0,1,7,0.14285714285714285,0.03333333333333333
4168,UNSC_2016_SPV.7643_spch007_edu_Russian_Federation.txt,489,4,0,0,0,0,0.0,0.0,0.0,0.0,0,11,0.0,0.0
4179,UNSC_2016_SPV.7643_spch008_edu_China.txt,490,0,3,3,0,0,0.42857142857142855,0.42857142857142855,0.0,0.0,5,7,0.7142857142857143,0.17857142857142858
4186,UNSC_2016_SPV.7643_spch008_edu_China.txt,491,1,1,0,1,0,0.14285714285714285,0.0,0.14285714285714285,0.0,4,7,0.5714285714285714,0.13333333333333333
4193,UNSC_2016_SPV.7643_spch009_edu_France.txt,492,0,0,0,0,0,0.0,0.0,0.0,0.0,4,4,1.0,0.3333333333333333
4197,UNSC_2016_SPV.7643_spch009_edu_France.txt,493,1,2,0,2,0,0.1111111111111111,0.0,0.1111111111111111,0.0,3,18,0.16666666666666666,0.02142857142857143
4215,UNSC_2016_SPV.7643_spch009_edu_France.txt,494,2,0,0,0,0,0.0,0.0,0.0,0.0,1,3,0.3333333333333333,0.14285714285714285
4218,UNSC_2016_SPV.7643_spch009_edu_France.txt,495,3,0,0,0,0,0.0,0.0,0.0,0.0,1,7,0.14285714285714285,0.034482758620689655
4225,UNSC_2016_SPV.7643_spch009_edu_France.txt,496,4,0,0,0,0,0.0,0.0,0.0,0.0,1,17,0.058823529411764705,0.009259259259259259
4242,UNSC_2016_SPV.7643_spch009_edu_France.txt,497,5,0,0,0,0,0.0,0.0,0.0,0.0,1,6,0.16666666666666666,0.045454545454545456
4248,UNSC_2016_SPV.7643_spch009_edu_France.txt,498,6,0,0,0,0,0.0,0.0,0.0,0.0,1,3,0.3333333333333333,0.14285714285714285
4251,UNSC_2016_SPV.7643_spch010_edu_United_States_Of_America.txt,499,0,5,0,5,0,0.35714285714285715,0.0,0.35714285714285715,0.0,8,14,0.5714285714285714,0.07920792079207921
4265,UNSC_2016_SPV.7643_spch010_edu_United_States_Of_America.txt,500,1,8,8,0,0,0.7272727272727273,0.7272727272727273,0.0,0.0,8,11,0.7272727272727273,0.14545454545454545
4276,UNSC_2016_SPV.7643_spch010_edu_United_States_Of_America.txt,501,2,0,0,0,0,0.0,0.0,0.0,0.0,2,11,0.18181818181818182,0.031746031746031744
4287,UNSC_2016_SPV.7643_spch010_edu_United_States_Of_America.txt,502,3,6,0,6,0,1.0,0.0,1.0,0.0,0,6,0.0,0.0
4293,UNSC_2016_SPV.7643_spch010_edu_United_States_Of_America.txt,503,4,5,0,5,0,0.2777777777777778,0.0,0.2777777777777778,0.0,1,18,0.05555555555555555,0.0064516129032258064
4311,UNSC_2016_SPV.7643_spch010_edu_United_States_Of_America.txt,504,5,12,0,12,0,0.4,0.0,0.4,0.0,4,30,0.13333333333333333,0.013333333333333334
4341,UNSC_2016_SPV.7643_spch010_edu_United_States_Of_America.txt,505,6,8,0,8,0,0.4444444444444444,0.0,0.4444444444444444,0.0,3,18,0.16666666666666666,0.017964071856287425
4359,UNSC_2016_SPV.7643_spch010_edu_United_States_Of_America.txt,506,7,0,0,0,0,0.0,0.0,0.0,0.0,5,25,0.2,0.019157088122605363
4384,UNSC_2016_SPV.7643_spch011_edu_Venezuela_(Bolivarian_Republic_Of).txt,507,0,0,0,0,0,0.0,0.0,0.0,0.0,3,10,0.3,0.04838709677419355
4394,UNSC_2016_SPV.7643_spch011_edu_Venezuela_(Bolivarian_Republic_Of).txt,508,1,0,0,0,0,0.0,0.0,0.0,0.0,7,8,0.875,0.16279069767441862
4402,UNSC_2016_SPV.7643_spch011_edu_Venezuela_(Bolivarian_Republic_Of).txt,509,2,0,0,0,0,0.0,0.0,0.0,0.0,3,7,0.42857142857142855,0.0625
4409,UNSC_2016_SPV.7643_spch011_edu_Venezuela_(Bolivarian_Republic_Of).txt,510,3,0,0,0,0,0.0,0.0,0.0,0.0,2,16,0.125,0.017857142857142856
4425,UNSC_2016_SPV.7643_spch011_edu_Venezuela_(Bolivarian_Republic_Of).txt,511,4,0,0,0,0,0.0,0.0,0.0,0.0,0,9,0.0,0.0
4434,UNSC_2016_SPV.7643_spch011_edu_Venezuela_(Bolivarian_Republic_Of).txt,512,5,1,0,1,0,0.14285714285714285,0.0,0.14285714285714285,0.0,1,7,0.14285714285714285,0.034482758620689655
4441,UNSC_2016_SPV.7643_spch011_edu_Venezuela_(Bolivarian_Republic_Of).txt,513,6,0,0,0,0,0.0,0.0,0.0,0.0,1,4,0.25,0.07692307692307693
4445,UNSC_2016_SPV.7643_spch012_edu_Ukraine.txt,514,0,0,0,0,0,0.0,0.0,0.0,0.0,2,4,0.5,0.13333333333333333
4449,UNSC_2016_SPV.7643_spch012_edu_Ukraine.txt,515,1,0,0,0,0,0.0,0.0,0.0,0.0,4,15,0.26666666666666666,0.043010752688172046
4464,UNSC_2016_SPV.7643_spch012_edu_Ukraine.txt,516,2,0,0,0,0,0.0,0.0,0.0,0.0,3,4,0.75,0.2727272727272727
4468,UNSC_2016_SPV.7643_spch013_edu_Malaysia.txt,517,0,0,0,0,0,0.0,0.0,0.0,0.0,3,15,0.2,0.03125
4483,UNSC_2016_SPV.7643_spch013_edu_Malaysia.txt,518,1,0,0,0,0,0.0,0.0,0.0,0.0,4,9,0.4444444444444444,0.08
4492,UNSC_2016_SPV.7643_spch013_edu_Malaysia.txt,519,2,1,0,1,0,0.08333333333333333,0.0,0.08333333333333333,0.0,6,12,0.5,0.08333333333333333
4504,UNSC_2016_SPV.7643_spch014_edu_Spain.txt,520,0,0,0,0,0,0.0,0.0,0.0,0.0,1,1,1.0,1.0
4505,UNSC_2016_SPV.7643_spch014_edu_Spain.txt,521,1,0,0,0,0,0.0,0.0,0.0,0.0,4,18,0.2222222222222222,0.02877697841726619
4523,UNSC_2016_SPV.7643_spch015_edu_Senegal.txt,522,0,0,0,0,0,0.0,0.0,0.0,0.0,1,4,0.25,0.08333333333333333
4527,UNSC_2016_SPV.7643_spch015_edu_Senegal.txt,523,1,0,0,0,0,0.0,0.0,0.0,0.0,2,8,0.25,0.034482758620689655
4535,UNSC_2016_SPV.7643_spch015_edu_Senegal.txt,524,2,3,3,0,0,0.42857142857142855,0.42857142857142855,0.0,0.0,6,7,0.8571428571428571,0.2
4542,UNSC_2016_SPV.7643_spch016_edu_New_Zealand.txt,525,0,2,0,2,0,0.25,0.0,0.25,0.0,4,8,0.5,0.11428571428571428
4550,UNSC_2016_SPV.7643_spch016_edu_New_Zealand.txt,526,1,1,0,1,0,0.1,0.0,0.1,0.0,5,10,0.5,0.09090909090909091
4560,UNSC_2016_SPV.7643_spch017_edu_Japan.txt,527,0,0,0,0,0,0.0,0.0,0.0,0.0,3,8,0.375,0.06382978723404255
4568,UNSC_2016_SPV.7643_spch017_edu_Japan.txt,528,1,3,0,3,0,0.375,0.0,0.375,0.0,0,8,0.0,0.0
4576,UNSC_2016_SPV.7643_spch017_edu_Japan.txt,529,2,0,0,0,0,0.0,0.0,0.0,0.0,2,11,0.18181818181818182,0.03636363636363636
4587,UNSC_2016_SPV.7643_spch018_edu_Uruguay.txt,530,0,0,0,0,0,0.0,0.0,0.0,0.0,1,5,0.2,0.058823529411764705
4592,UNSC_2016_SPV.7643_spch018_edu_Uruguay.txt,531,1,0,0,0,0,0.0,0.0,0.0,0.0,3,13,0.23076923076923078,0.03125
4605,UNSC_2016_SPV.7643_spch018_edu_Uruguay.txt,532,2,0,0,0,0,0.0,0.0,0.0,0.0,1,1,1.0,1.0
4606,UNSC_2016_SPV.7643_spch018_edu_Uruguay.txt,533,3,0,0,0,0,0.0,0.0,0.0,0.0,2,3,0.6666666666666666,0.11764705882352941
4609,UNSC_2016_SPV.7658_spch012_edu_United_Kingdom_Of_Great_Britain_And_Northern_Ireland.txt,534,0,0,0,0,0,0.0,0.0,0.0,0.0,1,3,0.3333333333333333,0.14285714285714285
4612,UNSC_2016_SPV.7658_spch012_edu_United_Kingdom_Of_Great_Britain_And_Northern_Ireland.txt,535,1,0,0,0,0,0.0,0.0,0.0,0.0,8,34,0.23529411764705882,0.024096385542168676
4646,UNSC_2016_SPV.7658_spch012_edu_United_Kingdom_Of_Great_Britain_And_Northern_Ireland.txt,536,2,0,0,0,0,0.0,0.0,0.0,0.0,1,17,0.058823529411764705,0.007462686567164179
4663,UNSC_2016_SPV.7658_spch012_edu_United_Kingdom_Of_Great_Britain_And_Northern_Ireland.txt,537,3,0,0,0,0,0.0,0.0,0.0,0.0,0,11,0.0,0.0
4674,UNSC_2016_SPV.7658_spch012_edu_United_Kingdom_Of_Great_Britain_And_Northern_Ireland.txt,538,4,3,0,3,0,0.16666666666666666,0.0,0.16666666666666666,0.0,0,18,0.0,0.0
4692,UNSC_2016_SPV.7658_spch012_edu_United_Kingdom_Of_Great_Britain_And_Northern_Ireland.txt,539,5,0,0,0,0,0.0,0.0,0.0,0.0,1,11,0.09090909090909091,0.017241379310344827
4703,UNSC_2016_SPV.7658_spch013_edu_United_States_Of_America.txt,540,0,0,0,0,0,0.0,0.0,0.0,0.0,4,4,1.0,0.5
4707,UNSC_2016_SPV.7658_spch013_edu_United_States_Of_America.txt,541,1,0,0,0,0,0.0,0.0,0.0,0.0,1,7,0.14285714285714285,0.03225806451612903
4714,UNSC_2016_SPV.7658_spch013_edu_United_States_Of_America.txt,542,2,0,0,0,0,0.0,0.0,0.0,0.0,3,14,0.21428571428571427,0.03260869565217391
4728,UNSC_2016_SPV.7658_spch013_edu_United_States_Of_America.txt,543,3,3,0,3,0,0.125,0.0,0.125,0.0,2,24,0.08333333333333333,0.011627906976744186
4752,UNSC_2016_SPV.7658_spch013_edu_United_States_Of_America.txt,544,4,0,0,0,0,0.0,0.0,0.0,0.0,0,18,0.0,0.0
4770,UNSC_2016_SPV.7658_spch013_edu_United_States_Of_America.txt,545,5,2,0,2,0,0.18181818181818182,0.0,0.18181818181818182,0.0,1,11,0.09090909090909091,0.015151515151515152
4781,UNSC_2016_SPV.7658_spch013_edu_United_States_Of_America.txt,546,6,0,0,0,0,0.0,0.0,0.0,0.0,1,23,0.043478260869565216,0.006211180124223602
4804,UNSC_2016_SPV.7658_spch013_edu_United_States_Of_America.txt,547,7,0,0,0,0,0.0,0.0,0.0,0.0,0,8,0.0,0.0
4812,UNSC_2016_SPV.7658_spch015_edu_China.txt,548,0,0,0,0,0,0.0,0.0,0.0,0.0,5,6,0.8333333333333334,0.23809523809523808
4818,UNSC_2016_SPV.7658_spch015_edu_China.txt,549,1,0,0,0,0,0.0,0.0,0.0,0.0,0,6,0.0,0.0
4824,UNSC_2016_SPV.7658_spch015_edu_China.txt,550,2,0,0,0,0,0.0,0.0,0.0,0.0,6,11,0.5454545454545454,0.0967741935483871
4835,UNSC_2016_SPV.7658_spch015_edu_China.txt,551,3,0,0,0,0,0.0,0.0,0.0,0.0,4,8,0.5,0.10526315789473684
4843,UNSC_2016_SPV.7658_spch015_edu_China.txt,552,4,0,0,0,0,0.0,0.0,0.0,0.0,4,7,0.5714285714285714,0.125
4850,UNSC_2016_SPV.7658_spch015_edu_China.txt,553,5,0,0,0,0,0.0,0.0,0.0,0.0,2,10,0.2,0.0392156862745098
4860,UNSC_2016_SPV.7658_spch015_edu_China.txt,554,6,0,0,0,0,0.0,0.0,0.0,0.0,5,8,0.625,0.1724137931034483
4868,UNSC_2016_SPV.7658_spch015_edu_China.txt,555,7,0,0,0,0,0.0,0.0,0.0,0.0,5,9,0.5555555555555556,0.10869565217391304
4877,UNSC_2016_SPV.7658_spch015_edu_China.txt,556,8,0,0,0,0,0.0,0.0,0.0,0.0,0,6,0.0,0.0
4883,UNSC_2016_SPV.7658_spch015_edu_China.txt,557,9,0,0,0,0,0.0,0.0,0.0,0.0,3,4,0.75,0.23076923076923078
4887,UNSC_2016_SPV.7658_spch017_edu_New_Zealand.txt,558,0,0,0,0,0,0.0,0.0,0.0,0.0,0,2,0.0,0.0
4889,UNSC_2016_SPV.7658_spch017_edu_New_Zealand.txt,559,1,0,0,0,0,0.0,0.0,0.0,0.0,1,12,0.08333333333333333,0.012658227848101266
4901,UNSC_2016_SPV.7658_spch017_edu_New_Zealand.txt,560,2,0,0,0,0,0.0,0.0,0.0,0.0,0,10,0.0,0.0
4911,UNSC_2016_SPV.7658_spch017_edu_New_Zealand.txt,561,3,0,0,0,0,0.0,0.0,0.0,0.0,0,8,0.0,0.0
4919,UNSC_2016_SPV.7658_spch017_edu_New_Zealand.txt,562,4,0,0,0,0,0.0,0.0,0.0,0.0,1,22,0.045454545454545456,0.005714285714285714
4941,UNSC_2016_SPV.7658_spch017_edu_New_Zealand.txt,563,5,0,0,0,0,0.0,0.0,0.0,0.0,3,11,0.2727272727272727,0.04225352112676056
4952,UNSC_2016_SPV.7658_spch017_edu_New_Zealand.txt,564,6,0,0,0,0,0.0,0.0,0.0,0.0,0,5,0.0,0.0
4957,UNSC_2016_SPV.7658_spch017_edu_New_Zealand.txt,565,7,0,0,0,0,0.0,0.0,0.0,0.0,0,3,0.0,0.0
4960,UNSC_2016_SPV.7658_spch017_edu_New_Zealand.txt,566,8,0,0,0,0,0.0,0.0,0.0,0.0,1,5,0.2,0.058823529411764705
4965,UNSC_2016_SPV.7658_spch023_edu_France.txt,567,0,0,0,0,0,0.0,0.0,0.0,0.0,4,9,0.4444444444444444,0.08333333333333333
4974,UNSC_2016_SPV.7658_spch023_edu_France.txt,568,1,0,0,0,0,0.0,0.0,0.0,0.0,1,17,0.058823529411764705,0.008264462809917356
4991,UNSC_2016_SPV.7658_spch023_edu_France.txt,569,2,0,0,0,0,0.0,0.0,0.0,0.0,5,12,0.4166666666666667,0.056179775280898875
5003,UNSC_2016_SPV.7658_spch023_edu_France.txt,570,3,0,0,0,0,0.0,0.0,0.0,0.0,1,6,0.16666666666666666,0.034482758620689655
5009,UNSC_2016_SPV.7658_spch023_edu_France.txt,571,4,0,0,0,0,0.0,0.0,0.0,0.0,1,5,0.2,0.043478260869565216
5014,UNSC_2016_SPV.7658_spch023_edu_France.txt,572,5,0,0,0,0,0.0,0.0,0.0,0.0,2,7,0.2857142857142857,0.06666666666666667
5021,UNSC_2016_SPV.7658_spch023_edu_France.txt,573,6,0,0,0,0,0.0,0.0,0.0,0.0,5,19,0.2631578947368421,0.034482758620689655
5040,UNSC_2016_SPV.7658_spch023_edu_France.txt,574,7,0,0,0,0,0.0,0.0,0.0,0.0,3,11,0.2727272727272727,0.05
5051,UNSC_2016_SPV.7658_spch023_edu_France.txt,575,8,0,0,0,0,0.0,0.0,0.0,0.0,11,28,0.39285714285714285,0.048672566371681415
5079,UNSC_2016_SPV.7658_spch023_edu_France.txt,576,9,0,0,0,0,0.0,0.0,0.0,0.0,1,4,0.25,0.08333333333333333
5083,UNSC_2016_SPV.7658_spch024_edu_Russian_Federation.txt,577,0,0,0,0,0,0.0,0.0,0.0,0.0,0,3,0.0,0.0
5086,UNSC_2016_SPV.7658_spch024_edu_Russian_Federation.txt,578,1,0,0,0,0,0.0,0.0,0.0,0.0,7,10,0.7,0.14
5096,UNSC_2016_SPV.7658_spch024_edu_Russian_Federation.txt,579,2,0,0,0,0,0.0,0.0,0.0,0.0,1,8,0.125,0.024390243902439025
5104,UNSC_2016_SPV.7658_spch024_edu_Russian_Federation.txt,580,3,0,0,0,0,0.0,0.0,0.0,0.0,3,20,0.15,0.014778325123152709
5124,UNSC_2016_SPV.7658_spch024_edu_Russian_Federation.txt,581,4,0,0,0,0,0.0,0.0,0.0,0.0,0,4,0.0,0.0
5128,UNSC_2016_SPV.7658_spch024_edu_Russian_Federation.txt,582,5,0,0,0,0,0.0,0.0,0.0,0.0,1,5,0.2,0.05555555555555555
5133,UNSC_2016_SPV.7658_spch024_edu_Russian_Federation.txt,583,6,0,0,0,0,0.0,0.0,0.0,0.0,1,6,0.16666666666666666,0.037037037037037035
5139,UNSC_2016_SPV.7658_spch026_edu_Egypt.txt,584,0,0,0,0,0,0.0,0.0,0.0,0.0,0,3,0.0,0.0
5142,UNSC_2016_SPV.7658_spch026_edu_Egypt.txt,585,1,0,0,0,0,0.0,0.0,0.0,0.0,4,10,0.4,0.08695652173913043
5152,UNSC_2016_SPV.7658_spch026_edu_Egypt.txt,586,2,5,5,0,0,0.45454545454545453,0.45454545454545453,0.0,0.0,4,11,0.36363636363636365,0.056338028169014086
5163,UNSC_2016_SPV.7658_spch026_edu_Egypt.txt,587,3,0,0,0,0,0.0,0.0,0.0,0.0,0,1,0.0,0.0
5164,UNSC_2016_SPV.7658_spch026_edu_Egypt.txt,588,4,1,0,1,0,0.08333333333333333,0.0,0.08333333333333333,0.0,2,12,0.16666666666666666,0.02564102564102564
5176,UNSC_2016_SPV.7658_spch026_edu_Egypt.txt,589,5,6,2,4,0,0.5454545454545454,0.18181818181818182,0.36363636363636365,0.0,1,11,0.09090909090909091,0.0136986301369863
5187,UNSC_2016_SPV.7658_spch026_edu_Egypt.txt,590,6,1,0,1,0,1.0,0.0,1.0,0.0,1,1,1.0,1.0
5188,UNSC_2016_SPV.7658_spch026_edu_Egypt.txt,591,7,2,2,0,0,1.0,1.0,0.0,0.0,1,2,0.5,0.3333333333333333
5190,UNSC_2016_SPV.7658_spch026_edu_Egypt.txt,592,8,0,0,0,0,0.0,0.0,0.0,0.0,1,2,0.5,0.3333333333333333
5192,UNSC_2016_SPV.7658_spch026_edu_Egypt.txt,593,9,0,0,0,0,0.0,0.0,0.0,0.0,0,6,0.0,0.0
5198,UNSC_2016_SPV.7658_spch026_edu_Egypt.txt,594,10,0,0,0,0,0.0,0.0,0.0,0.0,1,16,0.0625,0.007142857142857143
5214,UNSC_2016_SPV.7658_spch026_edu_Egypt.txt,595,11,0,0,0,0,0.0,0.0,0.0,0.0,0,15,0.0,0.0
5229,UNSC_2016_SPV.7658_spch029_edu_Angola.txt,596,0,0,0,0,0,0.0,0.0,0.0,0.0,1,1,1.0,1.0
5230,UNSC_2016_SPV.7658_spch029_edu_Angola.txt,597,1,0,0,0,0,0.0,0.0,0.0,0.0,2,4,0.5,0.11764705882352941
5234,UNSC_2016_SPV.7658_spch029_edu_Angola.txt,598,2,0,0,0,0,0.0,0.0,0.0,0.0,4,13,0.3076923076923077,0.056338028169014086
5247,UNSC_2016_SPV.7658_spch029_edu_Angola.txt,599,3,0,0,0,0,0.0,0.0,0.0,0.0,0,14,0.0,0.0
5261,UNSC_2016_SPV.7658_spch029_edu_Angola.txt,600,4,1,0,1,0,0.125,0.0,0.125,0.0,1,8,0.125,0.03125
5269,UNSC_2016_SPV.7658_spch029_edu_Angola.txt,601,5,5,0,5,0,0.5,0.0,0.5,0.0,1,10,0.1,0.015384615384615385
5279,UNSC_2016_SPV.7658_spch029_edu_Angola.txt,602,6,0,0,0,0,0.0,0.0,0.0,0.0,1,16,0.0625,0.007751937984496124
5295,UNSC_2016_SPV.7658_spch029_edu_Angola.txt,603,7,0,0,0,0,0.0,0.0,0.0,0.0,0,10,0.0,0.0
5305,UNSC_2016_SPV.7658_spch029_edu_Angola.txt,604,8,0,0,0,0,0.0,0.0,0.0,0.0,0,4,0.0,0.0
5309,UNSC_2016_SPV.7658_spch029_edu_Angola.txt,605,9,0,0,0,0,0.0,0.0,0.0,0.0,0,16,0.0,0.0
5325,UNSC_2016_SPV.7658_spch029_edu_Angola.txt,606,10,0,0,0,0,0.0,0.0,0.0,0.0,0,2,0.0,0.0
5327,UNSC_2016_SPV.7658_spch029_edu_Angola.txt,607,11,0,0,0,0,0.0,0.0,0.0,0.0,0,2,0.0,0.0
5329,UNSC_2016_SPV.7658_spch070_edu_Namibia.txt,608,0,0,0,0,0,0.0,0.0,0.0,0.0,0,5,0.0,0.0
5334,UNSC_2016_SPV.7658_spch070_edu_Namibia.txt,609,1,0,0,0,0,0.0,0.0,0.0,0.0,0,1,0.0,0.0
5335,UNSC_2016_SPV.7658_spch070_edu_Namibia.txt,610,2,2,0,2,0,0.25,0.0,0.25,0.0,1,8,0.125,0.023809523809523808
5343,UNSC_2016_SPV.7658_spch070_edu_Namibia.txt,611,3,0,0,0,0,0.0,0.0,0.0,0.0,2,8,0.25,0.05714285714285714
5351,UNSC_2016_SPV.7658_spch070_edu_Namibia.txt,612,4,0,0,0,0,0.0,0.0,0.0,0.0,3,11,0.2727272727272727,0.05084745762711865
5362,UNSC_2016_SPV.7658_spch070_edu_Namibia.txt,613,5,0,0,0,0,0.0,0.0,0.0,0.0,4,14,0.2857142857142857,0.0392156862745098
5376,UNSC_2016_SPV.7658_spch070_edu_Namibia.txt,614,6,0,0,0,0,0.0,0.0,0.0,0.0,2,10,0.2,0.029850746268656716
5386,UNSC_2016_SPV.7658_spch070_edu_Namibia.txt,615,7,0,0,0,0,0.0,0.0,0.0,0.0,0,16,0.0,0.0
5402,UNSC_2016_SPV.7658_spch070_edu_Namibia.txt,616,8,0,0,0,0,0.0,0.0,0.0,0.0,0,19,0.0,0.0
